question,expected_answer,correct_option,direct_Fixed_answer,direct_Fixed_match,direct_Recursive_answer,direct_Recursive_match,direct_Semantic_answer,direct_Semantic_match,cot_Fixed_answer,cot_Fixed_match,cot_Recursive_answer,cot_Recursive_match,cot_Semantic_answer,cot_Semantic_match
What's true of Ross's accounts of Shawn?,She contradicts herself often. She describes him one way than an inverse way pages later. ,2,4,NO,4,NO,2,YES,"Let me analyze what the text reveals about Ross's accounts of Shawn step by step:

1. Looking for evidence of difficulty describing feelings: The text mentions that 'Like Ross, Mehta struggles to express William Shawn's ineffable virtues,' suggesting she does have some difficulty, but this isn't the main characteristic highlighted.

2. Looking for contradictions: The text shows Ross making contradictory claims about Shawn's final days - she says he was reading Tina Brown's New Yorker 'with new interest' before his death, while Mehta claims Shawn had 'long since stopped reading his beloved magazine, in sorrow and relief.' However, this seems to be a contradiction between Ross and Mehta, not Ross contradicting herself.

3. Looking for objective truth: The author explicitly states that 'Ross has sprinkled her memoir with clues that it is not to be taken as entirely factual' and calls some of her statements 'forgivable hyperbole.' This clearly indicates she's not telling objective truth.

4. Looking for glorification: Multiple pieces of evidence support this: Ross describes their love as 'a fine, pure love, a love that was more than love, a love coveted by the winged seraphs of heaven.' She says 'We had indeed become one,' which the author describes as 'freely venting the inflations of her heart.' The author notes she writes 'as Shawn's adoring acolyte' and calls some of her praise 'forgivable hyperbole.' The author also mentions that even when praising Shawn's editing skills, her own writing shows repetitive flaws.

The strongest and most consistently supported characteristic is that Ross glorifies Shawn in her accounts.

4",NO,"Let me analyze what the text reveals about Ross's accounts of Shawn step by step:

1. Looking for evidence of difficulty describing feelings: The text doesn't suggest she had trouble expressing her feelings - in fact, she seems quite open about their relationship.

2. Looking for contradictions: The text provides a clear example of Ross contradicting herself. She claims Shawn 'mourned' for Si Newhouse when he was fired, but this contradicts the context that Newhouse had unceremoniously fired Shawn. More significantly, Ross claims Shawn was reading Tina Brown's New Yorker 'with new interest' before his death, while Mehta assures us Shawn had 'long since stopped reading his beloved magazine, in sorrow and relief.' This shows Ross presenting conflicting accounts.

3. Looking for objective truth: The text explicitly states that 'Ross has sprinkled her memoir with clues that it is not to be taken as entirely factual.' The author also notes romantic dialogue that seems fabricated ('File that under Romantic Effusions We Doubt Ever Got Uttered'), indicating her accounts are not objective truth.

4. Looking for glorification: While Ross does praise Shawn, calling him 'a man who grieved over all living creatures,' the text suggests this is 'forgivable hyperbole' rather than systematic glorification. The text indicates Mehta is more guilty of glorifying Shawn than Ross.

The strongest evidence points to Ross contradicting herself, as shown by the conflicting accounts about Shawn's final period and other inconsistencies noted in the text.

2",YES,"Let me analyze what the text says about Ross's accounts of Shawn step by step:

1. The author notes that Ross has 'sprinkled her memoir with clues that it is not to be taken as entirely factual,' suggesting her accounts are not objective truth.

2. The text provides specific examples of Ross contradicting herself:
   - She refers to Shawn's 'very powerful masculinity,' but then on the very next page notes that 'if he suffered a paper cut on a finger and saw blood, he would come into my office, looking pale.'
   - She declares 'Bill was incapable of engendering a cliché' but then puts 'toe-curling clichés' in his mouth like 'Why am I more ghost than man?'

3. The author also points out Ross's tendency toward hyperbole and romanticization:
   - She describes their love as 'a fine, pure love, a love that was more than love, a love coveted by the winged seraphs of heaven'
   - She says Shawn 'mourned' for Si Newhouse when fired, which the author calls 'a bit much. Even Jesus had his limits.'

4. The author notes Ross's writing shows 'the inflations of her heart' and romantic effusions that seem dubious.

While Ross does glorify Shawn to some extent, the most prominent and well-documented pattern in her accounts is the frequent contradictions - describing him one way and then in an inverse way shortly after.

2",YES
Which best describes the relationship between the protagonists?,They work together and are able to coordinate with each other pretty well.,3,4,NO,4,NO,4,NO,"Looking through the context provided, I need to identify who the protagonists are and analyze their relationship. The text appears to be fragmented excerpts from different sources or stories. I can see several different character relationships mentioned: 1) A father-daughter relationship that becomes strained during the daughter's teenage years and continues into adulthood with political disagreements, 2) Matilda's interest in someone named Haron Gorka, 3) A conversation between Peggy and her father about theater opportunities, 4) Ellen and Lew who appear to be romantic partners. The most developed relationship described is the father-daughter one, where it explicitly states 'It was constant warfare; every opinion she had became a battle, every decision she made a conflict' and describes how they can't talk 'without it erupting into fights almost instantly.' This suggests they don't get along well and barely tolerate each other. However, the text is quite fragmented and it's difficult to determine definitively who the main protagonists are meant to be.

4",NO,"Looking at this context, I need to identify who the protagonists are and analyze their relationship. The text appears to be a collection of different excerpts from various stories or sources, making it challenging to identify clear protagonists with a defined relationship. Let me examine each passage:

1. Peggy reflecting on her acting roles - this is a solo character reflection
2. A commentary about morality and economics - no character relationships
3. Mr. Terry's writing struggles - mentions his relationship with his wife Ellen, but this seems supportive
4. Matilda observing an egotistical man - shows Matilda's acceptance/tolerance of the man
5. A parent-child conflict description - shows deteriorating relationship but this is familial
6. Someone lying down, reluctant to get up - solo character
7. Space travel narrative - mentions James and a journey
8. Matilda wondering about a possibly mad couple - Matilda as observer
9. The Saylor brothers in space combat - shows them working together against a threat
10. A conversation between someone and a librarian about Haron Gorka

The most substantial relationship dynamics I can identify are: Matilda tolerating/accepting the egotistical man despite his flaws, the parent-child conflict, and the Saylor brothers coordinating during their space encounter. The Matilda-man relationship seems to show tolerance rather than strong coordination or hatred. The Saylor brothers appear to work together during their evasive maneuvers. However, given the fragmented nature of these excerpts, the clearest pattern seems to be characters who don't have strong positive or negative feelings but rather tolerate each other's presence.

4",NO,"Looking through the context, I need to identify who the protagonists are and analyze their relationship. The text contains multiple different story excerpts, but the clearest protagonist relationship appears to be between Click and Marnagan in the space story section. Let me analyze their interactions: 1) Click grabs Marnagan 'because he was the nearest thing, and held on' during a dangerous situation, 2) Click asks 'Irish! Is this IT?' showing concern, 3) Marnagan responds with some bravado but they're clearly working together, 4) The text says 'They both waited, thrust against the shipside and held by a hand of gravity; listening to each other's breathing hard in the earphones' - this shows they're coordinating and aware of each other's condition, 5) They're 'rattled around—human dice in a croupier's cup' together, suggesting they're facing the crisis as a team. Their dialogue shows they communicate effectively during the emergency, with Marnagan providing some comic relief but both focused on survival. There's no evidence of hatred or significant dislike - rather they seem to work together reasonably well under pressure.

3",YES
What seems to be true about the world Rikud lives in?,"It's run by machines, and no longer run by people. There is no room for decisions.  ",1,4,NO,4,NO,1,YES,"Let me analyze the evidence step by step:

1. Authority and governance: The text mentions that Rikud 'felt that there should have been authority' and that 'a long time ago the reading machine in the library had told him of the elders—a meaningless term—who had governed the world. They told you to do something and you did it, but that was silly, because now no one told you to do anything. You only listened to the buzzer.' This shows there was once human authority but now they only follow machine commands.

2. Machine control: The buzzer tells people when to drink ('the buzzer tells us' and 'It won't any more...The buzzer will never sound again. I broke it'). This indicates their daily activities are controlled by machines.

3. Memory of past decisions: Rikud remembers when elders governed and made decisions, but now finds it 'silly' because 'no one told you to do anything. You only listened to the buzzer.' This shows they remember a time of human decision-making but have lost that capacity.

4. Regarding change: Change does happen - Rikud notices changes in the view, breaks the buzzer, and experiences new situations. So option 2 is incorrect.

5. Regarding segregation: There is mention of 'the women's half of the world' and a door leading there, suggesting separation, but this seems more structural than ideological - there's no evidence they 'can't live with one another.'

6. Regarding decision-making: The text shows people remember when decisions could be made (the elders) but now they just follow the buzzer's commands automatically.

Option 4 best captures both the machine control and the memory of past human decision-making authority.

4",NO,"Let me analyze the evidence step by step:

1. Evidence about governance and authority:
- Rikud mentions that 'there was no real authority to stop him' but 'somehow he felt that there should have been authority'
- He recalls reading about 'elders' who 'had governed the world' in the past - they would 'tell you to do something and you did it'
- But now 'no one told you to do anything. You only listened to the buzzer'
- This suggests a shift from human leadership to machine control (buzzer)

2. Evidence about decision-making:
- The text shows people can still make some decisions (Rikud chooses to read, walk around, etc.)
- But there's a sense of restriction and routine - 'All the people ever talked about was what they had done during the day, and it was always the same'
- The Calculator will send Chuls 'through that [door to women's quarters] in five years' - suggesting predetermined life events

3. Evidence about change:
- Change does happen - the world has moved 'across the darkness and the stars' and arrived at a garden
- Rikud recognizes this change and thinks about its purpose
- So change isn't erased as a concept

4. Evidence about segregation:
- There are 'women's quarters' with a door, suggesting separation
- But this seems more like a controlled system rather than inability to coexist

The key evidence points to option 4: machines now run things (the buzzer, the Calculator), people remember when elders made decisions, but now they follow machine directives rather than making free choices.

4",NO,"Let me analyze the evidence about Rikud's world step by step:

1. Machine control: The text shows clear evidence that machines control daily life - there's a buzzer that signals when to eat ('His own buzzer sounded'), a Calculator that determines when men can see women ('in five years, the Calculator will send you through that'), and a reading machine. When Rikud breaks the buzzer, no one can eat, showing their dependence on machines.

2. About change: The concept of change does exist but is confusing to them. Rikud thinks 'He had had it a moment ago, but now it faded, and change and old were just two words.' Later he says 'There was that word change again. Didn't it have something to do with age? Rikud couldn't remember.' So change isn't completely erased, but its meaning is unclear.

3. Gender segregation: Men and women are clearly segregated - there's 'the door which led to the women's half of the world' and women are only available 'by appointment only' through the Calculator. But this seems to be part of the machine control system rather than because they can't live together.

4. Memory of decision-making: There's no clear evidence that they remember a time when they could make decisions. The text suggests they've always lived this way.

Looking at the options:
- Option 1 fits well - machines run everything and there's no room for individual decisions
- Option 2 is incorrect - change exists as a concept, just poorly understood
- Option 3 is partially true but doesn't capture the full scope of machine control
- Option 4 lacks evidence of remembered autonomy

Option 1 best captures the totalitarian machine control with no individual agency.

1",YES
What happens when Rikud grows violent when the others don't believe him.,"They all start to do it, because they've never seen violence before and don't understand it. ",2,3,NO,4,NO,2,YES,"Let me trace through the text to see what happens when Rikud becomes violent. First, I see that Rikud grabs Chuls' blouse with his fist when Chuls refuses to go with him to see the doors. The text shows: 'Rikud grabbed Chuls' blouse with his big fist. Then, startled by what he did, his hands began to tremble. But he held on, and he tugged at the blouse.' Chuls responds mildly saying 'Stop that.' Then Crifer's reaction is described: 'Crifer hopped up and down. ""Look what Rikud's doing! I don't know what he's doing, but look. He's holding Chuls' blouse.""' This shows Crifer is confused and doesn't understand what's happening. Later, there's another violent incident where someone hits Rikud and others join in, with the text mentioning 'Other hands reached out, and Rikud stumbled. He fell and then someone was on top of him, and he struggled.' The key phrase is when Crifer says 'I don't know what he's doing' - this suggests they don't understand violence and are confused by it, which aligns with option 2.

2",YES,"Looking through the text for evidence of Rikud becoming violent and others' reactions: In one scene, Rikud is 'holding Chuls' blouse' and Chuls says 'Stop that' with his 'face reddening.' Crifer is hopping up and down saying 'Look what Rikud's doing! I don't know what he's doing, but look. He's holding Chuls' blouse.' The text states 'By this time a crowd had gathered. Some of them watched Crifer jump up and down, but most of them watched Rikud holding Chuls' blouse.' This shows that when Rikud acts aggressively (grabbing/holding someone's clothing), the crowd gathers and watches him. The focus is on observing Rikud's behavior rather than confusion, imitation, or grabbing at each other. The crowd's attention is drawn to what Rikud is doing, suggesting they are fearful or curious about his unusual behavior.

4",NO,"Let me trace through the text to find what happens when Rikud grows violent and the others don't believe him. First, I need to identify when Rikud becomes violent due to disbelief. This occurs when Chuls doesn't believe there are other doors, saying 'There are not that many doors in the world.' Rikud responds by shouting and coming nearer to Chuls, saying 'Now, by the world, there are two other doors!' Then Rikud begins to shout, and everyone looks at him queerly. Wilm asks why he's speaking so loudly when Chuls can obviously hear him. But this isn't really violence yet - it's just shouting. Let me look for actual physical violence. Later in the text, I find a scene where Rikud grabs Chuls' blouse and won't let go, saying 'Only if you'll go with me.' Chuls tells him to stop, and then the text says: 'By this time a crowd had gathered. Some of them watched Crifer jump up and down, but most of them watched Rikud holding Chuls' blouse. ""I think I can do that,"" declared Wilm, clutching a fistful of Crifer's shirt. Presently, the members of the crowd had pretty well paired off, each partner grabbing for his companion's blouse. They giggled and laughed and some began to hop up and down as Crifer had done.' This shows that when Rikud becomes physical/violent by grabbing Chuls' blouse, the others start imitating this behavior - they pair off and start grabbing each other's blouses, treating it like a game or something to copy rather than understanding it as violence.

2",YES
The first time Rikud feels pain or discomfort is when,"the light he peered into was too bright, and his eyes hurt as a result.",1,4,NO,4,NO,1,YES,"Let me analyze the text to find the first instance of Rikud experiencing pain or discomfort. Looking through the passage chronologically:

1. Early in the text, Rikud experiences confusion and headaches from thinking thoughts that 'no other man had' - this seems to be mental discomfort but not physical pain.

2. When Rikud runs through the rooms and reaches Crifer, he's described as 'shaking' and covered in 'clammy film' of sweat, showing distress but not necessarily pain.

3. Later in the passage, there's a scene where 'Rikud tripped over something and sprawled awkwardly across the floor. He felt a sha[rp pain]' - this appears to be cut off but suggests physical pain from falling.

4. The text mentions 'He felt a sharp...' which seems to be describing him hitting his head when he tripped.

5. Looking more carefully, I can see the phrase 'he hits his head and bleeds for the first time' would align with the scene where he trips and falls in the darkness while trying to escape.

The context suggests this physical injury from tripping and hitting his head represents the first time Rikud experiences actual physical pain, as opposed to the earlier mental confusion and emotional distress.

4",NO,"Let me trace through the text to find the first mention of Rikud experiencing pain or discomfort. Looking at the context chronologically: 1) At the beginning, Rikud is in the health room feeling warmth from rays, which he admits is 'not unpleasant' - so this is comfort, not pain. 2) Throughout most of the passage, Rikud seems to live in a controlled environment with machinery providing food, health rays, etc. 3) The key moment comes near the end when it states 'All around Rikud were darkness and hunger and thirst. The buzzer did not sound because Rikud had silenced it forever. And no one went to eat or drink... the smooth belt that flowed with water and with savory dishes did not run any more.' 4) Then it explicitly mentions 'Rikud, too, felt a strange light-headedness and a gnawing hurt in his stomach' - this appears to be his first experience of hunger pangs. 5) The text also mentions 'his tongue dry and swollen' indicating thirst. 6) I don't see any mention in the provided text of Rikud peering into bright light that hurt his eyes, intentionally hitting his head, or hitting his head and bleeding. The first clear description of Rikud experiencing physical discomfort/pain is when he feels hunger after the machinery stops working.

3",NO,"I need to trace through the story chronologically to find the first instance of Rikud experiencing pain or discomfort. Let me examine each option:

1. The bright light hurting his eyes: In the text, it says 'he now saw a globe of light, white with a tinge of blue in it, and so bright that it hurt his eyes to look. Yes, hurt! Rikud looked and looked until his eyes teared and he had to turn away.' This occurs when he's looking at the changed viewport.

2. Intentionally hitting his head: There's no mention of Rikud intentionally trying to hurt himself.

3. Experiencing hunger: After Rikud breaks the machinery, the text mentions 'All around Rikud were darkness and hunger and thirst' and 'Rikud listened to the odd gurgling sound his stomach made.' This happens after he destroys the buzzer system.

4. Hitting his head and bleeding: This occurs when he's being chased: 'Rikud tripped over something and sprawled awkwardly across the floor. He felt a sharp hurt in his head, and when he reached up to touch it with his hands there in the darkness, his fingers came away wet.'

Looking at the chronological order of events in the story: First, Rikud observes the viewport and sees the bright globe that hurts his eyes. Then he destroys the machinery/buzzer. Then people chase him and he hits his head. The hunger occurs after the machinery is broken.

The earliest mention of pain/discomfort is when the bright light hurts his eyes while looking at the viewport.

1",YES
"As the story reaches its climax, the antagonist is","Crifer, the only person Rikud ever thought of as a companion.",4,"I cannot determine the correct answer from the provided context. The text fragments do not contain any mention of the characters Wilm, Chuls, Crifer, or Rikud that are referenced in the multiple choice options. The context appears to be excerpts from multiple different stories or texts, none of which seem to relate to the specific story being asked about in the question.

Since I must provide only a number as requested, I'll respond: 1",NO,"Looking at this context, I cannot identify any clear narrative with the characters mentioned in the options (Wilm, Chuls, Crifer, or Rikud). The text appears to be a collection of different excerpts from various sources - some academic discussion about economics, some literary passages, and some dialogue - but none contain a coherent story with these specific character names.

Since I cannot determine the correct answer from the provided context, I'll select:

1",NO,"Looking at this context, I can see multiple narrative fragments from different stories, but none of them contain characters named Wilm, Chuls, Crifer, or Rikud that are mentioned in the answer options. The text appears to be a collection of excerpts from various science fiction stories and other literary works, but doesn't contain a coherent single story with the characters referenced in the question.

Since the question asks about ""the antagonist"" as ""the story reaches",NO,"I need to analyze the provided context to identify information about a story's climax and antagonist. However, after carefully reading through all the text passages provided, I cannot find any mention of the characters named in the options: Wilm, Chuls, Crifer, or Rikud. The context contains fragments from various different stories and texts, including passages about Matilda at a library, discussions about economics, references to filmmakers like Haynes, and dialogue involving characters like Joe Prantera. None of these passages appear to be from the same story that the question is asking about, and none contain information about the specific characters or plot elements mentioned in the multiple choice options. Without any relevant information about these characters or this particular story's climax in the provided context, I cannot determine which option is correct based on the given text.

1",NO,"I need to carefully examine the provided context to identify any story with a clear climax and antagonist. Looking through the text, I see several different narrative fragments:

1. A discussion about morality plays and economics
2. A passage about someone in autumn woods thinking about writing 'Rustlers' Riot'
3. A description of parent-child conflict during teenage years
4. Film criticism about Karen Carpenter and other movies
5. A scene with someone unable to avoid a blaster blow
6. More film criticism about 'Safe'
7. More discussion about economics and citations
8. A tense scene with Read, Premier Umluana, and a gun
9. A passage about Mr. Terry, a writer who can't write
10. An email discussion about Vienna woods

None of these passages contain the character names mentioned in the options (Wilm, Chuls, Crifer, or Rikud). The text appears to be a collection of unrelated excerpts rather than a single coherent story with the characters referenced in the question. There is no clear climax involving any of the named antagonists in the options. The question seems to be asking about a story that is not present in the provided context.

1",NO,"I need to carefully examine this context to identify the story's climax and antagonist. However, after reading through the entire provided text, I notice that this appears to be a collection of multiple different story excerpts or passages, not a single coherent narrative. The text jumps between different characters, settings, and storylines - including references to Mark Antony, a librarian, characters named Matilda and Haron Gorka, a science fiction story about Peter and Robert, another story about Thig and alien invaders, film reviews mentioning directors like Todd Haynes, and a story about Joe Prantera being transported to the future. None of the answer choices (Wilm, Chuls, Crifer, or Rikud) appear anywhere in the provided text. This suggests that either: 1) The question refers to a different story not included in this context, or 2) There's a mismatch between the provided context and the question. Since I cannot find any mention of the characters listed in the options within the given text, I cannot determine which antagonist reaches the climax based on this context.

1",NO
The characters experience many emotions for the first time during the events of this story.  What emotion(s) push the characters through the door.,Hatred and anger.,2,3,NO,3,NO,3,NO,"Looking at the text, I need to identify what emotions drive the characters to go through doors. The main character appears to be Rikud, who encounters a mysterious door. Let me trace his emotional journey: Initially, Rikud experiences fear and trembling when approaching the door - 'Then he trembled' and 'He couldn't go alone. He'd die of the strangeness.' However, despite this fear, he's driven by curiosity about what's beyond the door. When Crifer says 'I don't think anyone ever opened it,' Rikud responds 'I will... Open it. Open the door and look inside.' This shows curiosity overcoming fear. When Crifer questions whether he can do it, saying 'How can anyone go where no one has been before?', this seems to add an element of excitement about exploration and discovery. The text shows Rikud is motivated by wanting to see what's beyond the unknown door, which represents curiosity, and there's an undertone of excitement about being the first to explore this unknown space. There's no evidence of sadness, hatred, anger, or pure happiness being the driving emotions.

3",NO,"Let me analyze the emotions described when characters are going through doors or contemplating doing so:

1. Thig experiences 'strangely exhilarating and heady' sensations when operating the drive lever to leave the parent ship - this shows excitement.

2. Rikud is at a door leading to the garden, feeling his heart 'thumping' rapidly and trembling, but he's watching through the viewport and turning the handle despite his fear. His physical reactions (rapid heartbeat, dry mouth) suggest nervous excitement and curiosity about what's beyond, even though he's afraid.

3. The character approaching the women's section feels 'strange feeling of elation' and wants to 'open that door and see a woman' with 'inexplicable feelings' - this shows curiosity and excitement about new experiences.

4. The other passages describe fear, alienness, and tension, but these don't seem to be the primary emotions pushing characters through doors.

The dominant pattern shows characters experiencing excitement (exhilaration, elation) combined with curiosity about new experiences and unknown territories. Even when there's fear present (like with Rikud), the curiosity and excitement seem to be the driving forces that actually push them to act and go through the doors.

3",NO,"Looking at the context, I need to identify which characters are going through doors and what emotions drive them to do so. The most relevant passage involves Rikud discovering doors and eventually going through them. Let me trace his emotional journey:

1. Initially, Rikud discovers doors and becomes excited about the possibility - he talks about them enthusiastically to others like Crifer and Chuls.

2. When he first approaches the door to the garden, the text shows his curiosity: 'More interesting than that, however, was the second door. Would it lead to another voice? Rikud hoped that it wouldn't.'

3. His exploration continues through multiple doors driven by curiosity about what lies beyond each one - through the room with machinery, then to the tunnel, and finally to the door leading to the garden.

4. The text explicitly shows his excitement and wonder: 'And what met Rikud's eyes—he blinked and looked again, but it was still there—cogs and gears and wheels and nameless things all strange and beautiful because they shone with a luster unfamiliar to him.'

5. Even when he becomes frightened near the end ('Then he trembled. What would he do out in the garden? He couldn't go alone. He'd die of the strangeness'), it's clear that curiosity and excitement were the primary emotions that drove him to explore and go through the doors in the first place.

The other emotions listed (sadness, hatred/anger, pure happiness) are not evident as driving forces for characters going through doors in this narrative.

3",NO
"How does the author feel about the film, Elizabeth?",it is overall enjoyable to watch,3,3,YES,1,NO,3,YES,"Looking at the context about the film Elizabeth, I need to identify the author's overall sentiment. The author describes the movie's approach as making for 'juicy melodrama' which is a positive assessment. They compare it favorably to classic works like The Godfather, noting how it 'emulates' that film's cutting technique. The author praises Cate Blanchett's performance, saying she 'comes in a close second' to their favorite Elizabeth portrayal and 'pulling off the transition from hapless young woman to coolly ruthless monarch with uncommon subtlety.' The author discusses the film's tone and approach analytically but not negatively. While they question whether the feminist take is historically accurate, they conclude it 'probably' is. The overall tone suggests the author finds the film engaging and well-executed, focusing on its dramatic qualities and strong performance rather than criticizing accuracy, plot confusion, or problematic focus.

3",YES,"Let me analyze the author's perspective on the film Elizabeth step by step:

1. The author acknowledges potential historical accuracy issues, noting that while the feminist take is 'probably' accurate, Elizabeth likely had developed strategic thinking earlier than the film suggests.

2. The author describes the movie as a 'lurid paraphrase' and calls the approach 'juicy melodrama,' which suggests entertainment value but perhaps at the expense of subtlety.

3. The author makes positive comparisons, noting the film's tone comes 'nearer to the nihilistic relish of Jacobeans such as John Ford and John Webster' - this seems to be praise for the dramatic approach.

4. The author draws a favorable comparison to 'The Godfather (1972)', describing how Elizabeth 'emulates' its cutting between scenes technique, and describes the final transformation scene in vivid, appreciative detail.

5. The author uses terms like 'juicy melodrama' and describes cinematic techniques approvingly, suggesting they find the film engaging and well-crafted as entertainment.

6. While noting historical liberties, the author doesn't seem to view this as a major flaw, but rather acknowledges it as part of the film's dramatic approach.

The overall tone suggests the author finds the film entertaining and well-executed as drama, even if it takes some historical liberties.

3",YES,"Let me analyze the author's opinion of the film Elizabeth step by step:

1. The author describes Elizabeth as 'a lurid paraphrase' and calls it a 'carnival of carnage,' which suggests a somewhat sensationalized but engaging tone.

2. The author praises Cate Blanchett's performance specifically, saying she 'comes in a close second' (after Miranda Richardson's comedic version) and 'pulling off the transition from hapless young woman to coolly ruthless monarch with uncommon subtlety.' The author notes Blanchett 'gives this carnival of carnage an awe-inspiring center.'

3. The author acknowledges the film's approach 'makes for juicy melodrama' and compares it favorably to works like The Godfather in terms of its dramatic structure.

4. While questioning if the feminist take is historically accurate, the author concludes it 'Probably' is accurate and that the movie's approach works dramatically.

5. The author describes the film's tone and style in detail without major criticism, suggesting engagement with and appreciation for the filmmaking choices.

6. The overall tone is analytical but positive - the author seems to find it entertaining and well-executed, particularly praising the lead performance and dramatic approach.

The author appears to find Elizabeth enjoyable overall, appreciating both its dramatic qualities and Blanchett's performance, despite acknowledging its melodramatic nature.

3",YES
Who does the author seem to appreciate the most in Meet Joe Black?,Claire Forlani,4,4,YES,4,YES,"I cannot answer this question based on the provided context. The context contains excerpts from what appears to be a science fiction story about time travel and assassination, along with some memoir excerpts about The New Yorker magazine and William Shawn. There is no mention of the movie ""Meet Joe Black"" or any of the listed individuals (Martin Brest, Bo Goldman, Brad Pitt, or Claire Forlani) in the given text.",NO,"Let me analyze what the author says about each person mentioned in the options:

1. Martin Brest (the director): The author criticizes Brest's approach, saying he has a habit of 'shooting a ton of footage and then finding his films in the editing room' and questions what he 'found' when scrutinizing miles of celluloid with Pitt doing nothing. This is clearly negative.

2. Bo Goldman: Not mentioned in the provided context, so no opinion expressed.

3. Brad Pitt: The author is extremely critical, asking 'Is Brad Pitt the worst actor on earth?' and suggesting 'Meet Joe Black could serve as Exhibit A.' The author describes Pitt as looking 'like an irradiated android' and calls him 'a black pit of death--or is that the Black Death of Pitt?' This is very negative.

4. Claire Forlani: While the author notes that 'Her tremulous thoroughbred act wears thin,' they immediately follow this with 'but it's hardly her fault' and describe her as having 'exquisite shoulders.' The author shows sympathy for her situation, saying 'She has to emote like mad opposite a black pit of death.' The criticism is tempered with understanding and some appreciation.

Comparing all the commentary, the author shows the most appreciation and sympathy for Claire Forlani, even defending her performance by blaming her co-star rather than her acting ability.

4",YES,"Looking at the context provided, I need to find evidence about who the author appreciates in Meet Joe Black. The context contains a movie review that is highly critical of Brad Pitt's performance. The author asks 'Is Brad Pitt the worst actor on earth?' and suggests 'Meet Joe Black could serve as Exhibit A.' The review describes Pitt's acting negatively, saying he 'expels all expression from his face and all tone from his voice' and criticizes his appearance as looking 'like an irradiated android.' The review also criticizes the movie's pacing, saying it 'grinds on for three hours' and that 'Pitt acts as if he has leased the screen by the year.' There is no positive mention of any of the people listed in the options. However, the rest of the context appears to be from a different story entirely (about someone named Joe in the year 2133) and doesn't relate to Meet Joe Black. Based solely on the Meet Joe Black review portion, the author doesn't seem to appreciate anyone mentioned, but since I must choose from the given options and there's no clear positive mention of any of them, I cannot definitively determine who the author appreciates most.

1",NO,"I need to carefully read through the provided context to find any mention of 'Meet Joe Black' or the people listed in the options. After thoroughly reading through the entire context, I cannot find any reference to the movie 'Meet Joe Black' or any of the people mentioned in the options (Martin Brest, Bo Goldman, Brad Pitt, or Claire Forlani). The context appears to be from a science fiction story about a character named Joe Prantera who has been transported from 1960 to 2133, along with some discussion about The New Yorker magazine and William Shawn. There is no content related to the movie 'Meet Joe Black' in this passage.

The question cannot be answered based on the provided context as there is no mention of 'Meet Joe Black' or any of the listed individuals in the text.",NO
"Who is the best actor mentioned, according to the author?",Cate Blanchett,3,1,NO,"Looking through the context, I need to find mentions of actors and any positive assessments.

The actors mentioned are:
- Rhys-Meyers (described negatively - ""doesn't make his lines sound as if he's thinking them up on the spot"")
- Ewan McGregor (mentioned neutrally as ""the film's fuzzy, sweet Iggy Pop figure"")
- Brad Pitt (described very negatively - ""Is Brad P",NO,1,NO,"Looking through the context for mentions of the actors in the options: 1) Anthony Hopkins is mentioned as giving 'this humanistic magnate considerable weight' and the author notes that 'Hopkins gives this humanistic magnate considerable weight' - this is presented positively. 2) Miranda Richardson is not mentioned in the provided context. 3) Cate Blanchett is not mentioned in the provided context. 4) Johnathyn Rhys-Meyers is not mentioned in the provided context. The context does mention other actors like Brad Pitt (described very negatively as potentially 'the worst actor on earth') and Christian Bale (described positively as 'such an expressive performer'). However, among the four options provided, only Anthony Hopkins is mentioned, and he is described in positive terms regarding his performance.

1",NO,"Looking through the context for mentions of actors and the author's opinions about them: 1) Rhys-Meyers is described as 'beautiful, brazenly slim-hipped' but criticized for not making 'his lines sound as if he's thinking them up on the spot' - this is negative criticism. 2) Brad Pitt is heavily criticized with the author asking 'Is Brad Pitt the worst actor on earth?' and describing his performance very negatively. 3) Christian Bale is described very positively as 'such an expressive performer that Stuart's remembrance of things past attains a Proustian intensity' - this is high praise comparing his performance to Proust's literary masterwork. 4) Anthony Hopkins, Miranda Richardson, and Cate Blanchett are not mentioned in the provided context. Among the actors actually discussed, Bale receives the most positive assessment.

4",NO,"I need to look through the context for mentions of actors and any evaluative comments about their acting abilities. Let me scan through the text:

1. Anthony Hopkins is mentioned in the Meet Joe Black review: 'Actually, Hopkins gives this humanistic magnate considerable weight' - this is positive but not declaring him the best.

2. Brad Pitt is heavily criticized: 'Is Brad Pitt the worst actor on earth? The case could be made, and Meet Joe Black could serve as Exhibit A' - clearly negative.

3. Jonathan Rhys-Meyers is mentioned: 'the beautiful, brazenly slim-hipped Rhys-Meyers doesn't make his lines sound as if he's thinking them up on the spot' - this is criticism, not praise.

4. Christian Bale is mentioned positively: 'Bale is such an expressive performer that Stuart's remembrance of things past attains a Proustian intensity' - this is high praise.

5. I don't see any mention of Miranda Richardson or Cate Blanchett in the provided context.

Looking at the options provided, only Anthony Hopkins and Johnathyn Rhys-Meyers (which appears to be a misspelling of Jonathan Rhys-Meyers) are actually mentioned in the text. Between these two, Hopkins receives positive commentary while Rhys-Meyers receives criticism. However, the most effusive praise goes to Christian Bale, who isn't among the options.

Among the given options, Anthony Hopkins receives the most positive assessment.

1",NO
What does the author seem to value the most in films?,the quality of acting,4,4,YES,4,YES,1,NO,"Looking at the film criticism in the context, I can identify several clues about what the author values in films. In the discussion of 'Meet Joe Black,' the author criticizes the film for being too long (3 hours vs. the original 78 minutes) and states that 'A conceit this fragile needs to whiz along to keep our disbelief in suspension.' This suggests the author values appropriate pacing and narrative efficiency. When discussing 'Velvet Goldmine,' the author criticizes that 'Rhys-Meyers doesn't make his lines sound as if he's thinking them up on the spot,' which indicates concern about acting quality, but this seems secondary to structural issues. The author also mentions being 'swept up in the sinuous motion of his filmmaking' and 'the elation of watching point of view passed like a baton from hand to hand,' suggesting appreciation for clear narrative flow and storytelling technique. The criticism of the script in another film for featuring clichéd dialogue and characters asking questions that begin 'Am I to understand that...?' further emphasizes the importance of clear, well-constructed storytelling. Overall, the author seems most concerned with narrative clarity and coherent storytelling rather than just themes, length, or acting alone.

2",NO,"Let me analyze the evidence from the context step by step:

1. The author criticizes Martin Brest's approach of shooting excessive footage and 'finding' the film in editing, suggesting they don't value this method of filmmaking.

2. The author mentions being 'swept up in the sinuous motion of his filmmaking' and 'the elation of watching point of view passed like a baton from hand to hand' - this shows appreciation for cinematic technique and storytelling craft.

3. The author criticizes a script worked on by 'four screenwriters' as 'moldy' with poor dialogue, showing they value good writing and story quality.

4. Regarding Velvet Goldmine, the author notes it 'isn't fully filled in' and wishes the director 'would let the picture catch its breath' - this suggests they value coherent storytelling and pacing.

5. The author appreciates when 'baubles are strung' together properly, indicating they value cohesive narrative structure.

6. The author discusses the 'tone' and approach of Elizabeth, showing interest in how stories are told and their dramatic effectiveness.

Throughout the passages, the author consistently focuses on storytelling elements, narrative coherence, script quality, and how well stories are constructed and presented. There's little emphasis on themes, film length, or acting quality specifically, but significant attention to story clarity and narrative craft.

2",NO,"Looking at the film reviews in the context, I need to analyze what the author consistently praises or criticizes to understand their values. In the review of Haynes' films, the author appreciates how 'Superstar: The Karen Carpenter Story' made 'cultural forces...heartbreakingly palpable' and praises 'Safe' as 'an entrancing meditation on the power of culture to crush the individual.' For 'Velvet Goldmine,' the author notes it demonstrates 'the power of popular music to change people's lives' and praises Bale as 'such an expressive performer.' In contrast, when reviewing 'Meet Joe Black,' the author harshly criticizes Brad Pitt's performance, calling him potentially 'the worst actor on earth' and describing how 'Pitt expels all expression from his face and all tone from his voice.' The author doesn't focus much on story clarity (noting that Haynes' narrative is 'a challenge to keep up with' but still praising the films), doesn't emphasize film length as a positive (criticizing Meet Joe Black for being too long), and while themes matter, the author's most consistent and passionate critiques center on acting performances - praising expressive, compelling performances and severely criticizing poor acting.

4",YES
Which is probably the author's favorite movie?,Velvet Goldmine,1,1,YES,3,NO,1,YES,"Looking through the context for clues about the author's preferences toward movies mentioned:

1. Velvet Goldmine: The author shows enthusiasm, describing being 'swept up in the sinuous motion of his filmmaking' and 'the liberating force of his language and soundtrack.' While noting it 'might seem like a collection of baubles,' the author appears engaged and appreciative.

2. Meet Joe Black: The author is clearly critical, calling it a 'moldy script' and criticizing the four screenwriters (including 'the great Bo Goldman') for their work. The author mocks dialogue that includes phrases like 'Am I to understand that...?' and 'wake up and smell the thorns,' and sarcastically refers to 'overpaid scribes.'

3. Elizabeth: The author gives a mixed but generally positive review, praising the approach as 'juicy melodrama' and making sophisticated comparisons to Jacobean dramatists and The Godfather. However, the tone is more analytical than enthusiastic.

4. Shooting to Kill: This movie is not discussed in the provided context.

Based on the tone and language used, the author shows the most genuine enthusiasm and positive engagement with Velvet Goldmine, despite some minor criticisms. The writing about this film conveys excitement and appreciation for its artistic merits.

1",YES,"I need to analyze the context to determine which movie the author seems to favor based on their tone and commentary. Let me examine what's said about each movie mentioned:

1. Velvet Goldmine: The author criticizes it, saying 'A case can be made that Velvet Goldmine isn't fully filled in' and that the director 'has made a movie that's all signifiers.' The author wishes the director 'would let the picture catch its breath.'

2. Meet Joe Black: The author is very critical, mentioning 'Four screenwriters...labored on this moldy script' and criticizing the dialogue and characters. The tone is clearly negative.

3. Elizabeth: While the author mentions it has a different tone than Elizabethan dramatists, they describe it as making 'juicy melodrama' and later state 'With all due respect to Blanchett, Bette Davis, and Glenda Jackson, my favorite Elizabeth I remains Miranda Richardson's capricious, baby-talking psychopath on the BBC comedy Blackadder II.' This suggests they prefer a different portrayal of Elizabeth.

4. Shooting to Kill: This movie is not mentioned in the provided context.

Based on the evidence, the author is critical of Velvet Goldmine and very negative about Meet Joe Black. While Elizabeth is discussed, the author explicitly states their preference for a different Elizabeth portrayal (Miranda Richardson in Blackadder II). However, among the movies actually discussed and compared to the author's stated preferences, none receive unqualified praise. The author seems most neutral about Elizabeth, describing it as 'juicy melodrama' without the harsh criticism given to the others.

3",NO,"I need to analyze the author's tone and commentary about each movie mentioned to determine which is their favorite. Let me examine each:

1. Velvet Goldmine: The author writes extensively about this film with clear admiration. They describe being 'swept up in the sinuous motion of his filmmaking' and praise 'the liberating force of his language and soundtrack.' While acknowledging some flaws ('not fully filled in'), they conclude positively that 'Velvet Goldmine might seem like a collection of baubles, but those baubles are strung.' The author also mentions their 'passion for Haynes' films' led them to work with the producer.

2. Meet Joe Black: The author is extremely negative, calling it a 'seven course schlockfest' and suggesting Brad Pitt might be 'the worst actor on earth.' They criticize the film's length and pacing extensively.

3. Elizabeth: The author gives a generally positive but more analytical review, praising Cate Blanchett's performance and the film's approach, but doesn't express the same personal enthusiasm as with Velvet Goldmine.

4. Shooting to Kill: This isn't actually a movie being reviewed - it's a book the author collaborated on with producer Christine Vachon about film producing.

The author shows the most personal investment and passionate praise for Velvet Goldmine, despite acknowledging its flaws. They explicitly mention their passion for director Todd Haynes' work and demonstrate deep engagement with the film's themes and execution.

1",YES
How does the narrator respond to Brother Partridge's gift offering on Thanksgiving?,He believes the homeless people are ridiculous for charging so desperately after the offering,4,4,YES,2,NO,4,YES,"Looking through the context, I need to find how the narrator responds to Brother Partridge's Thanksgiving offering. The text mentions that Brother Partridge announces that 'you shall all be entitled to a bowl of turk[ey soup]' on Thanksgiving. The narrator's response comes when he says 'It was hard work on an empty stomach; I wished I'd had some of that turkey soup. Then again I was glad I hadn't. Something always happened to me when I thought back over my life.' This suggests he's conflicted about the offering. However, I don't see clear evidence in the text of him believing the homeless people are stupid, that Partridge wants something in return, that there's poison involved, or that he finds the homeless people ridiculous for wanting the offering. The narrator seems more focused on his own situation and his conversation with Brother Partridge about his sins and miraculous interventions. The text doesn't provide a clear direct response to the Thanksgiving offering that matches any of these options perfectly. However, given the narrator's general suspicious nature and the context of him being there to potentially steal from the money box, option 2 about believing Partridge wants something in return seems most consistent with his character and the overall tone of their interaction.

2",NO,"Let me analyze the narrator's response to Brother Partridge's gift step by step. First, I need to identify what gift Brother Partridge gives. In the text, Brother Partridge goes to the money box, takes out a bill (which the narrator notes is a twenty), and gives it to him saying 'Perhaps this will help in your atonement.' The narrator's immediate response is to 'crumple it into my pocket fast' and notes that Brother Partridge 'hadn't noticed it was a twenty.' However, the key response comes later when the narrator reflects: 'And then the bill seemed to lie there, heavy, a lead weight. It would have been different if I had managed to get it out of the box myself. You know how it is. Money you haven't earned doesn't seem real to you.' This shows the narrator feels uncomfortable about receiving money he didn't earn or steal himself. There's no indication he thinks Brother Partridge wants something in return, believes he's being poisoned, thinks the homeless people are stupid, or finds them ridiculous. The narrator's response is more about his own discomfort with unearned money.

2",NO,"Looking at the narrator's response to Brother Partridge's Thanksgiving offering, I need to examine his thoughts and actions when the preacher announces the meal. When Partridge announces that everyone will get 'a bowl of turkey soup prepared by Sister Partridge, a generous supply of sweet rolls and dinner rolls contributed by the Early Morning Bakery of this city, and all the coffee you can drink,' the narrator's immediate reaction is: 'I had to laugh at all those bums clattering the chairs in front of me, scampering after water soup and stale bread.' He describes them as 'scampering' and refers to the food dismissively as 'water soup and stale bread.' He then contrasts this with his own plans to 'have dinner in a good restaurant' with 'expensive food' once he gets the money from the collection box. This shows he views the other homeless men as foolish or pathetic for being so eager to get what he sees as poor quality food. There's no indication he thinks it's a trick, that Partridge wants something in return, or that the food is poisoned - he simply looks down on the desperate way the other men rush for the free meal.

4",YES
What didn't William get accused of as a young boy?,stealing from his parents,4,2,NO,1,NO,2,NO,"I need to carefully examine the context to see what William was or wasn't accused of as a young boy. Looking through the text, I can see William is discussing with Brother Partridge about being punished for some sin. William mentions 'What kind of a sin could I have committed when I was fresh out of my crib?' and later says 'I certainly haven't done anything that bad in this life.' However, the context provided doesn't actually contain any specific accusations made against William as a young boy. The text discusses his conversation with Brother Partridge about punishment and sin, but doesn't list specific childhood accusations like lying, bed-wetting, name-calling, or stealing. Since the context doesn't provide information about what William was specifically accused of as a child, I cannot determine from the given text what he wasn't accused of.

1",NO,"I need to carefully examine the context to find information about what William was or wasn't accused of as a young boy. Looking through the text, I can see there's a conversation between William and a Brother about William being punished for a sin. William says 'I've always had it like this, as long as I can remember. What kind of a sin could I have committed when I was fresh out of my crib?' This suggests William has some condition or affliction that he's had since he was very young. The Brother mentions 'a horde of locusts' that might 'lift from you' if William atones for his sin. However, the text doesn't specifically mention what William was accused of as a young boy. The conversation focuses on the idea that William is being punished for something from a previous life, not specific accusations from his childhood in this life. Since the text doesn't provide information about specific accusations against William as a young boy, and none of the four options (lying to parents, wetting the bed, calling mother names, stealing from parents) are mentioned in the context, I cannot definitively determine from the given text what William wasn't accused of. However, since the question asks what he 'didn't get accused of' and none of these specific accusations are mentioned in the text, any of them could potentially be correct. Without more specific information in the context, I'll need to make the best inference based on what's provided.

1",NO,"Looking through the context for information about what William was accused of as a young boy, I find several relevant passages. In the text, William mentions: 'My trouble there was that I was always being framed for stealing. I didn't take any of those things they located in my bunk. Stealing wasn't in my line.' This indicates he was accused of stealing. The text also mentions 'They didn't talk about my screams at night' suggesting he had nightmares or night terrors, but doesn't specifically mention bed-wetting accusations. There's no mention in the text of him being accused of lying to his parents or calling his mother names. The context focuses heavily on his being falsely accused of stealing throughout his time in reform school, but doesn't provide information about accusations of lying to parents or name-calling toward his mother.

3",NO
What was the one thing William admitted to doing?,stealing from the church,2,2,YES,"Looking through the context for what William admitted to doing, I can find this exchange:

""And you think I'm being punished for something I did in a previous life?""

He looked at me in disbelief. ""What else could it be?""

""I don't know,"" I confessed. ""I certainly haven't done anything that bad in this life.""

William admits that he doesn't know what he's being punished for and confesses he hasn't done anything",NO,"Looking through the context, I need to find what William admitted to doing.

In the text, William says: ""There was something I forgot to mention so far. During the year between when I got out of the reformatory and the one when I tried to steal Brother Partridge's money, I killed a man. It was all an accident, but killing somebody is reason enough to get punished.""

However, this isn't one of the options provided. Let me look more carefully",NO,"Looking through the context for what William admitted to doing, I can see a conversation between William and Brother Partridge where William is discussing his troubles and seeking help. In the passage, William says 'That was when I did it' after describing how something 'touched those spots inside me.' The context shows William had his hand in a money box ('I can't imagine what.' 'I always get apprehended somehow, Brother,' I said. 'I'm pretty special.' followed by discussion of removing his fist from the money box). Later, Brother Partridge goes to 'the money box on the wall' and 'tapped the bottom lightly.' The setting appears to be in a church or religious context given that William is speaking with 'Brother' Partridge. This suggests William admitted to stealing from the church money box.

2",YES,"I need to carefully read through the context to find what William admitted to doing. Looking through the dialogue, I see a conversation between William and Brother Partridge about William being punished for some sin. Brother Partridge suggests William is being punished for a sin from a previous life due to transmigration of souls. When William asks 'And you think I'm being punished for something I did in a previous life?' and Brother Partridge responds 'What else could it be?', William says 'I don't know,' and then admits 'I certainly haven't done anything that bad in this life.' However, this is William denying doing anything bad rather than admitting to something specific. Looking more carefully through the text, I don't see William explicitly admitting to any of the four options listed (stealing while at school, stealing from the church, doing drugs, or lying to people). The context appears to be fragments from different stories or sources, and none of them contain a clear admission by William to any of these specific acts.

4",NO,"I need to look through the context to find what William admitted to doing. Let me trace through the text:

1. William is talking to Brother Partridge about being punished for sins
2. William mentions he hasn't done anything bad in 'this life'
3. Then there's a key passage: 'There was something I forgot to mention so far. During the year between when I got out of the reformatory and the one when I tried to steal Brother Partridge's money, I killed a man. It was all an accident, but killing somebody is reason enough to get punished.'
4. William goes on to describe how he accidentally killed Harold R. Thompkins during a confrontation with union representatives while he was working at Baysinger's
5. Later in the text, William mentions he was always being framed for stealing at reform school but says 'I didn't take any of those things they located in my bunk. Stealing wasn't in my line.'
6. He also mentions trying to steal from Brother Partridge's money box, but that's described as an attempt, not something he successfully did

The one major thing William explicitly admits to doing is killing a man, even though it was accidental. However, this isn't one of the options provided. Looking at the options:
1. He denies stealing while at school
2. He attempted but didn't successfully steal from the church 
3. No mention of drugs
4. He doesn't specifically admit to lying

Wait, let me reconsider option 2. He did attempt to steal from the church (Brother Partridge's mission), and while he was caught in the act, this could be considered 'stealing from the church' even if unsuccessful.

2",YES
Did William kill the man?,yes - he used the pipe and killed the man,3,4,NO,2,NO,3,YES,"I need to carefully examine the context provided to find any information about William killing someone. Looking through all the text passages, I can see several different narrative fragments that appear to be from different stories or sources. There are mentions of various characters named William, including references to William Shawn (the New Yorker editor), and some dialogue involving a character named William talking to someone called 'Brother' or 'Partridge' about being punished for sins and transmigration of souls. However, I cannot find any clear narrative describing William killing a man, nor any specific details about the circumstances mentioned in the answer choices (spirits, using a pipe, two men doing it when his back was turned, etc.). The context appears to be fragmented excerpts from multiple different texts, and none of them contain a coherent story about William committing or witnessing a murder. Without clear evidence in the provided context about William killing someone or the specific circumstances described in the options, I cannot definitively determine the answer based on the given information.

1",NO,"Looking through the context step by step, I need to find information about William and whether he killed someone. The context contains several disconnected passages from what appear to be different stories or works. In one passage, there's a dialogue where someone named Partridge tells William 'you are being punished for some great sin' and asks about transmigration of souls. When William says he has no personal experience with this, Partridge insists 'Of course you have, William! Say you don't remember. Say you don't want to remember. But don't say you have no personal experience!' This suggests William may have done something he doesn't remember, possibly in a past life according to Partridge's belief in transmigration of souls. However, there's no explicit mention of William killing anyone in the provided text. The other passages mention violence and killing but don't clearly connect William to these acts. The dialogue about not remembering suggests option 2 might be correct, but the evidence is not definitive enough to make a strong conclusion.

2",NO,"Let me trace through the evidence step by step:

1. The text mentions that William killed a man between getting out of reformatory and trying to steal Brother Partridge's money: 'During the year between when I got out of the reformatory and the one when I tried to steal Brother Partridge's money, I killed a man.'

2. William explicitly states it was an accident: 'It was all an accident, but killing somebody is reason enough to get punished.'

3. The context shows William working at Baysinger's stacking boxes when two union men (described as 'dressed like Harvard seniors') confronted him about being a non-union worker ('scab').

4. Later in the text, there's a newspaper clipping about 'Harold R. Thompkins, 49, vice-president of Baysinger's, was found dead behind the store last night. His skull had been crushed by a vicious beating with a heavy implement.'

5. William says he had read that newspaper report 'a year before,' indicating this was the death he was responsible for.

6. The text mentions William's belief that 'Somebody, somewhere, would be a witness to it. I had never got away with anything in my life,' suggesting he was involved but expecting to be caught.

7. There's no indication that William doesn't remember the killing - he clearly recalls the circumstances and acknowledges his responsibility.

8. The text doesn't describe spirits doing the killing, nor does it suggest the two union men did it when his back was turned.

The evidence points to William having killed the man (Thompkins), though it was accidental, and he remembers it happening.

3",YES
"Once William received the money from Partridge, what didn't he decide to do?",make a better future for himself,4,1,NO,1,NO,1,NO,"I need to look for what William actually did or planned to do after receiving money from Partridge, and then identify what he DIDN'T decide to do from the options. From the text, after William left Brother Partridge, he found a strip of gray adhesive tape and hid the twenty dollar bill by taping it to his skin. The text states 'There was only one place for me to go now. I headed for the...' but doesn't complete where he was going. Earlier in the text, William mentions that he had killed a man accidentally and says 'there was nothing to be said for telling Brother Partridge about the accident, or murder, or whatever had happened that day.' This suggests he wasn't planning to research or investigate the murder further - he seemed to want to avoid thinking about it. The text doesn't show him making specific plans to clean himself up, eat his fill, or make a better future, but his attitude suggests he's focused on immediate survival rather than investigating his past crime.

1",NO,"I need to look for what William did or planned to do after receiving the money from Partridge, and then identify what he DIDN'T decide to do from the options. Looking at the text after William receives the twenty-dollar bill from Partridge: 'I crumpled it into my pocket fast.' The passage then mentions 'Searching myself after I left Brother Partridge, I finally found a...' but this sentence is cut off. However, I can see from the context that William had been talking about his life story to Partridge, mentioning he was hungry ('It was hard work on an empty stomach; I wished I'd had some of that turkey soup'), and there are references to his past including killing a man. The text shows William was focused on immediate survival needs and avoiding the police ('As long as it stalled off the cops, I'd talk to Partridge'). There's no indication in the text that William decided to research the murder he had committed - in fact, he specifically states 'there was nothing to be said for telling Brother Partridge about the accident, or murder, or whatever had happened that day,' suggesting he wanted to avoid dealing with that topic rather than research it further.

1",NO,"Let me trace what William decided to do after receiving the twenty-dollar bill from Brother Partridge. The text states: 'As soon as I got cleaned up, I was going to have dinner in a good restaurant, and I was going to order such expensive food and leave such a large tip for the waiter and send one to the chef that they were going to think I was rich, and some executive with some brokerage firm would see me and say to himself, ""Hmm, executive material. Just the type we need. I beg your pardon, sir—""' This shows he planned to: (2) clean himself up, (3) eat his fill at a good restaurant, and (4) make a better future for himself by impressing potential employers. However, nowhere in the text does William mention any intention to research the murder he had committed accidentally. He mentions the killing as background information but shows no interest in investigating it further - he simply states it was an accident and moves on to other topics.

1",NO
Who didn't William say strange things to?,Partridge,4,3,NO,3,NO,2,NO,"Looking through the context for instances where William speaks to different people: 1) There's a conversation with Partridge where William discusses being punished and transmigration of souls - William does speak to Partridge. 2) There's mention of William's voice 'independently saying things' to a woman (likely the librarian) about going out after work, and later there's discussion about William leaving a message - so William did say things to the librarian. 3) There's no clear conversation shown between William and his father in the provided text. 4) There's no mention of William speaking to a man at a restaurant. The text shows William having conversations with Partridge and interactions with the librarian, but there's no evidence of him speaking strangely to his father.

2",NO,"Looking through the context for mentions of William saying strange things to people: 1) There's a dialogue where William is speaking with 'Brother' about sins and transmigration of souls. 2) William mentions his voice independently saying things, like when he said 'A pleasure. What about after work?' to someone (appears to be a woman based on the description of her neck flaming). 3) There's a scene where William is talking to Sister Partridge, where it mentions 'I kept talking' and Partridge responds about William being punished for some great sin. 4) The text mentions William talking so much he got hoarse while speaking to 'the brother' who 'still hadn't used the phone to call the cops.' However, I don't see any direct evidence in the text of William saying strange things to: a man at a restaurant, his father, or the librarian. The librarian is mentioned in a separate dialogue with Matilda, but there's no indication William spoke to the librarian. Since the question asks who William DIDN'T say strange things to, and there's no evidence of him speaking to the librarian at all, that would be the answer.

3",NO,"I need to find evidence in the text about William saying strange things to people, and identify who he did NOT say strange things to.

Let me trace through the text:

1. William mentions that his voice says things that everyone can hear but which he doesn't actually say: 'My own voice was always saying things everybody could hear but which I didn't say.'

2. With the librarian: The text shows William's voice independently saying something flirtatious: 'I heard my voice say, ""A pleasure. What about after work?"" I didn't say it, but I was used to my voice independently saying things.' This shows his voice said something strange to the librarian that he didn't intend to say.

3. With Partridge: William has a long conversation with Brother Partridge about his condition and past sins. There's no indication that his voice said anything strange or independent during this conversation - it appears to be a normal dialogue where William is consciously speaking.

4. The text mentions his parents were killed, and there's a reference to letters from 'Mom or Dad' but no direct interaction showing strange speech.

5. There's no mention of a man at a restaurant in the context of William saying strange things.

Based on the evidence, William's voice independently said something inappropriate to the librarian, but his conversation with Partridge appears to be normal, conscious dialogue without his voice saying things he didn't intend.

4",YES
