question,expected_answer,correct_option,difficulty,fixed_direct_hybrid_answer,fixed_direct_hybrid_match,fixed_direct_hybrid_dist,fixed_direct_hybrid_cost,rec_direct_hybrid_answer,rec_direct_hybrid_match,rec_direct_hybrid_dist,rec_direct_hybrid_cost,sem_direct_hybrid_answer,sem_direct_hybrid_match,sem_direct_hybrid_dist,sem_direct_hybrid_cost,ctx_fixed_direct_hybrid_answer,ctx_fixed_direct_hybrid_match,ctx_fixed_direct_hybrid_dist,ctx_fixed_direct_hybrid_cost,ctx_fixed_cot_hybrid_answer,ctx_fixed_cot_hybrid_match,ctx_fixed_cot_hybrid_dist,ctx_fixed_cot_hybrid_cost
Why is it suspected that William Shawn blushed at Green's remark? ,"As someone who looked into risque material himself, it piqued his curiosity. ",2,hard,2,YES,0.5705,0.004533,2,YES,0.4629,0.003780,2,YES,0.5843,0.022563,2,YES,0.4574,0.007659,"Let me analyze the evidence step by step. The passage presents two possible explanations for why Shawn blushed at Green's 'cunty fingers' remark. Initially, it seems like prudishness since Shawn was 'renowned for his retiring propriety' and 'sedulously barred anything smacking of the salacious' from The New Yorker. However, the reviewer then presents contradictory evidence from the memoirs: Lillian Ross reveals that Shawn 'longed for the earthiest and wildest kinds of sexual adventures' and 'lusted after Hannah Arendt, Evonne Goolagong, and Madonna.' Ved Mehta reports Shawn's favorite TV was 'people dancing uninhibitedly.' The reviewer explicitly states: 'I suspect Shawn did not blush at the 'cunty fingers' remark out of prudery. He blushed because it had hit too close to home.' This suggests that rather than being offended by the sexual content, Shawn was embarrassed because the remark resonated with his own hidden desires for 'earthy' experiences, making him uncomfortable due to its personal relevance.

2",YES,0.4574,0.011679
What's true of Ross's accounts of Shawn?,She contradicts herself often. She describes him one way than an inverse way pages later. ,2,hard,4,NO,0.4555,0.004371,4,NO,0.4171,0.003675,2,YES,0.4825,0.018189,2,YES,0.6354,0.007068,"Let me analyze what the reviewer says about Ross's accounts of Shawn step by step:

1. The reviewer points out specific contradictions in Ross's memoir: She describes Shawn as having 'very powerful masculinity' but then immediately notes that 'if he suffered a paper cut on a finger and saw blood, he would come into my office, looking pale.' This shows she contradicts herself by portraying him as both powerful and fragile.

2. The reviewer notes that Ross calls Shawn 'a man who grieved over all living creatures' (which the reviewer calls 'forgivable hyperbole') but then says he 'mourned' for Si Newhouse when fired, which the reviewer finds excessive ('that's a bit much. Even Jesus had his limits').

3. The reviewer states that Ross 'has sprinkled her memoir with clues that it is not to be taken as entirely factual' and describes her accounts as containing 'exaggerations and unreliable accounts, undermining its credibility.'

4. The reviewer describes Ross as 'freely venting the inflations of her heart' when she describes their love as transcendent.

Looking at the options:
- Option 1: The text doesn't suggest she had difficulty describing feelings, rather that she was overly expressive
- Option 2: This directly matches the evidence - the reviewer explicitly points out contradictions where she describes Shawn one way then 'an inverse way pages later'
- Option 3: The reviewer explicitly states her accounts are unreliable and not entirely factual
- Option 4: While there's some glorification, the main criticism is about contradictions

2",YES,0.6354,0.012843
What stance does the writer take in regards to Tina Brown. ,A neutral one. The anecdotes offered are too biased to make a judgement either way. ,1,hard,1,YES,0.4343,0.004551,1,YES,0.2967,0.003588,1,YES,0.4620,0.017907,1,YES,0.3884,0.007209,"Looking at the evidence step by step: 1) The writer presents contrasting views between Mehta (who sees Brown as destructive) and Ross (who sees Brown positively), but doesn't explicitly endorse either position. 2) The writer notes the conflicting accounts about whether Shawn stopped reading the magazine in 'sorrow and relief' (Mehta's view) or was reading it 'with new interest' (Ross's view). 3) Most importantly, the writer concludes by posing the central questions as open-ended: 'Has Tina Brown betrayed the legacy of William Shawn...or has she continued and built upon it?' and 'Have the changes she has wrought enlivened a stodgy magazine or vulgarized a dignified one--or both?' 4) The writer explicitly states they are 'loath to compromise one's life chances by hazarding unripe opinions in a public forum such as this,' indicating reluctance to take a definitive stance. 5) The writer acknowledges that the anecdotes from both memoirists are contradictory and potentially unreliable (noting Ross's memoir contains clues 'that it is not to be taken as entirely factual'). This all points to the writer maintaining neutrality due to the biased and conflicting nature of the sources.

1",YES,0.3884,0.011679
How do Ross and Mehta view Brown's acquisition of the magazine?,Mehta felt betrayed by being let go; Ross said she saw the same personality in her as Shawn and was glad to be invited back. ,2,hard,2,YES,0.4718,0.004497,2,YES,0.4235,0.003654,2,YES,0.4277,0.012534,2,YES,0.4287,0.007275,"Let me analyze what the text says about Ross and Mehta's views on Tina Brown's editorship:

1. Mehta's view: The text describes him as seeing Brown's appointment as 'the final debacle: Tinaji' and refers to her as 'the loathed Tina Brown in her vandalization of his cherished magazine.' He was 'terminated' by Brown in 1994 and clearly views her tenure negatively as a betrayal of Shawn's legacy.

2. Ross's view: The text states 'Lillian Ross, by contrast, takes a rather cheerful view of the Brown dispensation. Indeed, the new editor even coaxed Ross into re-joining the magazine, just as she was booting Mehta out.' Ross says of Brown: 'I found that she possessed--under the usual disguises--her own share of Bill's kind of naivete, insight, and sensitivity... She, too, got it.'

3. Regarding Shawn's reaction: There's a contrast where Mehta believes Shawn 'had long since stopped reading his beloved magazine, in sorrow and relief,' while 'Ross assures us that Mr. Shawn was reading Tina Brown's New Yorker with new interest in the weeks prior to his death.'

Looking at the options:
- Option 1 is incorrect - both have strong opinions
- Option 2 captures the key contrast: Mehta felt betrayed (being terminated) while Ross saw positive qualities in Brown and was invited back
- Option 3 focuses on Shawn's reaction rather than Ross and Mehta's views of Brown herself
- Option 4 incorrectly suggests Mehta's issue was timing of Shawn's death rather than Brown's changes

Option 2 best captures the fundamental contrast between their views.

2",YES,0.4287,0.013770
What best summarizes what the author has to say about William Shawn? ,He was a respectable man with complexities that weren't always obvious and is hard to pin down based on the stories told of him.,3,hard,3,YES,0.3439,0.004374,3,YES,0.3022,0.003753,3,YES,0.4611,0.020307,3,YES,0.4248,0.007614,"Let me analyze what the author says about William Shawn step by step:

1. The author expresses admiration for Shawn's editorial work: 'I have always regarded as a great man. I loved his New Yorker. The prose it contained...was balm for the soul: unfailingly clear, precise, logical, and quietly stylish.'

2. The author praises Shawn's moral leadership: 'the moral tone of the magazine was almost wholly admirable--it was ahead of the pack on Hiroshima, civil rights, Vietnam, Watergate, the environment--and this was very much Shawn's doing.'

3. However, the author reveals Shawn's contradictory nature: He was 'a man renowned for his retiring propriety' who 'sedulously barred anything smacking of the salacious' from the magazine, yet 'He longed for the earthiest and wildest kinds of sexual adventures' and had a long affair with Lillian Ross.

4. The author shows discomfort with this contradiction: 'I do not like to think of him in an illicit love nest, eating tea and toast with cunty fingers.'

5. The author notes that both memoirists struggle to capture Shawn's essence: 'Like Ross, Mehta struggles to express William Shawn's ineffable virtues' and quotes Janet Flanner saying 'It is as if, Mehta, he were beyond our human conception.'

6. The author questions the reliability of the accounts, noting Ross 'has sprinkled her memoir with clues that it is not to be taken as entirely factual.'

This all points to option 3 - Shawn was respectable but complex, with contradictions that weren't obvious, and he's difficult to understand based on these conflicting accounts.

3",YES,0.4248,0.014094
What was said to be concernig about the relationship between Shawn and Ross?,They began their relationship as an affair.,1,hard,1,YES,0.4580,0.004290,1,YES,0.4193,0.003543,1,YES,0.4805,0.017499,1,YES,0.4813,0.007128,"Looking through the context step by step:

1. The context establishes that William Shawn was married when he began his relationship with Lillian Ross in 1945, making it an extramarital affair from the start.

2. The text explicitly states 'their affair' and describes how 'the couple set up housekeeping together in an apartment 20 blocks downtown from the Shawn residence' while he remained married.

3. The reviewer refers to Ross as 'this Other Woman' and mentions 'Just knowing that Mrs. Shawn is still alive adds a certain tension to reading much of what this Other Woman chooses to divulge.'

4. The reviewer expresses discomfort about 'Shawn's public adultery' and states 'I do not like to think of him in an illicit love nest.'

5. There's a poignant scene described where Ross and Shawn encounter his wife, with Ross crying 'Can't we just live, just live?' when they see 'Shawn's wife slowly making her way down the block with a burden of packages.'

6. The reviewer describes Mrs. Shawn as 'an openly cheated-upon and humiliated wife.'

There's no mention in the context of their work suffering, them prioritizing romance over work, or public arguments. The concerning aspect consistently highlighted is that this was an adulterous relationship - Shawn was married to someone else when the affair began and continued.

1",YES,0.4900,0.012348
What is the coorelation to the reference of Shawn to Prince Myshkin in The Idiot?,He was someone who must be protected ,2,hard,2,YES,0.3600,0.004443,2,YES,0.4233,0.003333,2,YES,0.6040,0.023100,2,YES,0.4142,0.007515,"Looking at the context where Prince Myshkin from The Idiot is mentioned, I can find the specific comparison in the text: 'He likens the revered editor to the character Prince Myshkin in The Idiot: innocent and vulnerable, someone who must be protected.' The text explicitly states that Ved Mehta compared William Shawn to Prince Myshkin because both were 'innocent and vulnerable' and therefore 'someone who must be protected.' While the text also mentions that Shawn was careful about not hurting anyone's feelings, this is presented as a separate observation about his character rather than part of the Prince Myshkin comparison. The direct correlation being drawn is specifically about the need for protection due to innocence and vulnerability.

2",YES,0.4142,0.010050
Who was the editor for The New Yorker when Shawn died?,Brown,1,hard,1,YES,0.3817,0.004260,1,YES,0.3008,0.003384,1,YES,0.2820,0.021654,1,YES,0.3255,0.007242,"Looking through the context for information about who was editor when Shawn died, I find this key passage: 'A few months after Brown was appointed editor, Shawn died at the age of 85.' This clearly indicates that Tina Brown had been appointed as editor of The New Yorker before Shawn's death. The context also mentions that Brown was the one who 'terminated' Mehta in 1994 during her editorship, and that Ross had a positive view of 'the Brown dispensation,' further confirming that Brown was the editor during this period. The other individuals mentioned - Ross and Mehta - were writers/staff members, not editors, and 'Breenan' appears to be a misspelling and doesn't appear in the context as an editor.

1",YES,0.3255,0.009927
What was the new editor trying to convince Ross into doing?,Re-joining the magazine,1,hard,1,YES,0.3498,0.004245,1,YES,0.4126,0.003564,1,YES,0.4660,0.023025,1,YES,0.4035,0.007098,"Looking through the context for information about what the new editor was trying to convince Ross to do, I find this key passage: 'Indeed, the new editor even coaxed Ross into re-joining the magazine, just as she was booting Mehta out.' This clearly states that the new editor (Tina Brown, who is referenced earlier as succeeding Shawn) coaxed/convinced Ross into re-joining the magazine. The passage also mentions that Brown was 'booting Mehta out' at the same time, but this was something Brown was doing to Mehta, not something she was trying to convince Ross to do.

1",YES,0.4035,0.009273
Who had the opinion that Shawn had stopped reading the magazine after Tina Brown became editor?,Mehta,3,hard,3,YES,0.3529,0.004200,3,YES,0.2528,0.003336,3,YES,0.3688,0.015066,3,YES,0.3266,0.007101,"Looking at the context, I need to find who believed that Shawn had stopped reading The New Yorker after Tina Brown became editor. In the first chunk, there's a clear contrast presented between two different accounts: 'He had long since stopped reading his beloved magazine, in sorrow and relief. That's if you believe Mehta. Ross assures us that Mr. Shawn was reading Tina Brown's New Yorker ""with new interest"" in the weeks prior to his death.' This directly states that Mehta believed Shawn had stopped reading the magazine, while Ross had the opposite view that Shawn was reading it with renewed interest.

3",YES,0.3266,0.009366
Which best describes the relationship between the protagonists?,They work together and are able to coordinate with each other pretty well.,3,hard,4,NO,0.5214,0.004326,4,NO,0.5997,0.003465,4,NO,0.6469,0.018963,4,NO,0.5751,0.007032,"Looking at the context provided, the main narrative thread focuses on Sara and her father's relationship. Let me trace through the evidence step by step:

1. The opening describes Sara and her father being moved to tears by a Super Bowl ad and reconciling their 'long-standing political and personal conflicts'

2. Sara apologizes for 'years of antagonism' and her father invites her to watch the game together

3. In the flashback section, we learn their conflict 'escalated from her teenage years through college and into adulthood' and created an 'irreparable rift between them that has lasted 15 years'

4. The text mentions 'it became impossible for them to talk without it erupting into fights almost instantly'

5. However, by the end of the main narrative, Sara says 'there's still things that can bring us together' and both apologize to each other

6. The pattern shows they've had a very strained relationship for years, barely tolerating each other, but are now attempting reconciliation

The other story fragments about different characters (Matilda, William Shawn, etc.) don't seem to be about the main protagonists. The central relationship being described is between Sara and her father, who have had a difficult, conflict-ridden relationship where they've essentially just been putting up with each other, though they're now trying to repair it.

4",NO,0.5751,0.011892
What makes the protagonists become less concerned about being trapped by the beasts?,"They realized the beasts were not actual beasts, but were meant to seem real.",3,hard,3,YES,0.6319,0.004986,3,YES,0.5937,0.003750,3,YES,0.6694,0.022533,3,YES,0.6022,0.007380,"Looking at the context about Click and Marnagan's encounter with the beasts, I can trace their discovery step by step: 1) They were initially trapped and frightened by what appeared to be deadly monsters in a cave. 2) Click filmed the monsters and Marnagan during their encounter. 3) When Click reviewed the film, he discovered that 'the monsters don't appear on film' - they were invisible on camera. 4) From this evidence, Click deduced that 'they are telepathic illusions' - not real physical creatures. 5) The text explicitly states 'Once they disbelieve in the creatures, the monsters vanish.' 6) The context explains these were part of 'Gunther's defense system to scare away intruders' and that the creatures 'only exist as telepathic illusions.' The key insight was that the beasts weren't real at all - they were psychological/telepathic projections designed to appear real and frighten people away.

3",YES,0.6022,0.010770
What is not a type technology that is used in this story?,Tasers that paralyze individuals and render them unconscious,1,hard,1,YES,0.6160,0.004254,1,YES,0.6548,0.003501,1,YES,0.6336,0.025857,1,YES,0.6267,0.007035,"Let me examine each technology option against what's mentioned in the story contexts:

1. Tasers that paralyze individuals - I need to look for any mention of weapons that paralyze or render people unconscious. In the contexts provided, I see mentions of guards being defeated and Koltan beating Zotul, but no specific mention of tasers or paralyzing weapons.

2. Highly advanced space travel - This is clearly present in the story. There are multiple references to spaceships, asteroids, space travel, and characters being stranded on an asteroid after a crash landing. Click and Marnagan are described as being trapped without 'a ship or a space-radio.'

3. Tools that allow one to distort how someone else perceives reality - This is definitely present. The story describes Gunther's telepathic machines that create illusory monsters to scare away visitors. There's a 'great bank of intricate, glittering machine, through which strips of colored film with images slid into slots and machine mouths that translated them into thought-emanations' that projects fake monsters.

4. Filming devices - This is clearly present. Click has a self-developing camera and film that he uses to photograph the monsters, discovering they don't appear on film because they're illusions. The text specifically describes his 'self-developing film' as 'one of his best inventions.'

Based on this analysis, tasers are the only technology type not mentioned in the story contexts provided.

1",YES,0.6267,0.012225
What are Hathaway and Marnagan's physiques like?,"Both of their appearances are described to some degree, and Marnagan is often described as being a large presence.",3,hard,3,YES,0.5265,0.005148,3,YES,0.5729,0.004512,3,YES,0.6647,0.013974,3,YES,0.6119,0.007743,"Let me examine the text for descriptions of Hathaway and Marnagan's physical appearances and builds. Looking through the passages:

1. Marnagan is described as having 'his hair like a red banner, his freckled face with the blue eyes bright in it' - this gives specific physical details about his appearance.

2. Marnagan is described as having 'thick lips' multiple times in the text.

3. Most importantly, Marnagan is described as having an 'immense frame' when he 'slammed against rock.'

4. Marnagan is said to have 'shoulders' that are notably broad, as referenced when describing his smile as 'broader than his shoulders.'

5. Marnagan is described as 'lumbering' when running, which suggests a large, heavy build.

6. There are fewer specific physical descriptions of Hathaway, but he is present and described in various actions.

7. There's no indication that Marnagan is feeble - quite the opposite, he's described as having an 'immense frame.'

8. There's no suggestion they have similar builds - the descriptions point to Marnagan being notably large.

The text provides physical descriptions of both characters to some degree, with Marnagan consistently portrayed as having a large, imposing physical presence through terms like 'immense frame,' 'lumbering,' and references to his broad shoulders.

3",YES,0.6119,0.012948
How would you describe Gunther as a villain?,"He's likely been successful in the past, but he's clearly conquerable.",1,hard,1,YES,0.4360,0.004968,1,YES,0.4229,0.003819,1,YES,0.6119,0.023184,1,YES,0.5383,0.007053,"Let me analyze Gunther's characteristics as a villain based on the evidence in the text:

1. Success but conquerable: The text shows Gunther has built an elaborate pirate operation with an asteroid base, artificial gravity systems, telepathic monster projections, and a crew of men. This suggests past success. However, he's ultimately defeated by Hathaway's bluff and deception, showing he is conquerable.

2. Working alone due to being despised: The text mentions he's 'short on men' but shows he does have a crew of about 85 men working for him, so he's not working alone.

3. Classically funny villain: Gunther is described as having a 'bulging forehead,' 'sunken, questioningly dark eyes,' and a 'scrawny body lost in folds of metal-link cloth' with 'fragile, bony legs' in an 'atrophied state.' He's physically weak, gets fooled by Hathaway's elaborate bluff, and is ultimately knocked out with a paperweight. This physical description and his defeat method suggest comedic elements.

4. Irresponsible and ruthless: While he does crash ships and kill people as a pirate, the text portrays his methods as calculated rather than irresponsible - he has a 'subtle hand' and uses sophisticated technology.

The evidence most strongly supports option 1: Gunther has clearly been successful (elaborate base, crew, effective piracy operation) but proves conquerable when outsmarted by Hathaway's deception.

1",YES,0.5383,0.012528
How would you describe Click's primary motivations?,"He was originally focused on filming, but he was also focused on survival efforts.",1,hard,1,YES,0.5723,0.004815,1,YES,0.5627,0.004104,1,YES,0.6435,0.019371,1,YES,0.5765,0.007788,"Let me trace Click's motivations and actions throughout the story chronologically:

1. Initially, Click is indeed focused on his role as a photographer - he takes pictures of the meteor that caused their crash and uses his camera to document events.

2. However, Click quickly becomes instrumental in their survival efforts through his analytical thinking:
   - He deduces that the meteor was artificially created by Gunther
   - He figures out that the monsters are telepathic illusions by discovering they don't appear on film
   - He develops the strategy to trace the monsters back to Gunther's base
   - He explains how to psychologically control their perception of the illusions

3. Throughout the story, Click continues both filming AND contributing crucial survival insights. He doesn't abandon filming entirely - he's still using his camera and discussing his film evidence.

4. His photography actually becomes a key survival tool rather than just documentation - the film evidence proves the monsters aren't real.

5. Even when suffering from oxygen deprivation, Click continues to contribute strategically to their escape plan.

Click maintains his photographer identity while simultaneously being the primary problem-solver and strategist for their survival. He doesn't forget about filming, nor does he only focus on filming - he integrates both roles effectively.

1",YES,0.5765,0.012213
Why does Click suspect that the meteor strike wasn’t accidental?,The meteor was unusually hot and glowing.,3,hard,3,YES,0.4989,0.004725,3,YES,0.4844,0.003957,3,YES,0.5419,0.013416,3,YES,0.4153,0.007077,"Looking through the context for evidence about why Click suspects the meteor strike wasn't accidental, I find a key quote where Click explains his reasoning to Marnagan: 'Somebody tossed that meteor, Irish. I took a picture of it, looked it right in the eye when it rolled at us, and it was poker-hot. Space-meteors are never hot and glowing. If it's proof you want, I've got it here, on film.' This clearly shows that Click's suspicion is based on the unusual characteristic of the meteor being hot and glowing, which he states is not normal for space meteors. He even took photographic evidence of this anomaly. The other options are not supported by the text - there's no mention of the meteor being quiet/stealthy, no prior history of Gunther throwing meteors is mentioned as Click's reasoning, and while gravity is mentioned in the context, it's not cited as Click's reason for suspecting the crash wasn't accidental.

3",YES,0.4153,0.010392
Who does Click refer to as the “Big Producer?”,A Higher Power or God,3,hard,3,YES,0.7263,0.004197,3,YES,0.6965,0.003153,3,YES,0.7649,0.020247,3,YES,0.6971,0.007632,"Looking at the context where Click uses the phrase 'Big Producer,' he says: 'Is this where the Big Producer yells CUT!?' This occurs when their ship is crashing and Click is asking if this is 'IT' - meaning death. The phrase 'Big Producer yells CUT!' is clearly a metaphorical reference comparing life to a movie production, where a producer would yell 'cut' to end a scene. Given the life-or-death context and the metaphorical nature of comparing their potential death to the end of a film scene, Click is referring to a higher power or God as the ultimate 'producer' of life who would 'cut' or end their lives. This is reinforced by his earlier question 'Is this IT?' which is asking if they're about to die.

3",YES,0.6971,0.010377
What is the meaning of “palaver” in the passage?,"Rambling, idle talk",2,hard,2,YES,1.0000,0.004704,2,YES,0.6247,0.003780,2,YES,0.6515,0.022029,"I need to find the word ""palaver"" in the provided context chunks to determine its meaning.

After carefully reading through all the provided chunks, I cannot find the word ""palaver"" anywhere in the given context. The chunks discuss various topics including:

1. A sci-fi story about a crash landing
2. A spacecraft scene with a dead body
3. A review of ""Velvet Goldmine""
4. Essays about profanity and belief
5",NO,0.5913,0.008628,"I need to search through all the provided text chunks for the word 'palaver' to understand its meaning in context. After carefully reading through all the chunks provided - including passages about astronomer Matt Hennessy's crash landing, Peter Karson's death in a spacecraft, a review of 'Velvet Goldmine,' discussions about profanity in modern society, a review of 'Meet Joe Black,' a passage about a ship's population revolt, and a review comparing memoirs about William Shawn - I cannot find the word 'palaver' anywhere in the given text. Since the word 'palaver' does not appear in any of the provided context chunks, I cannot determine its meaning from the passage. However, I need to select from the given options. Based on the general definition of 'palaver' which typically means lengthy, idle talk or chatter, option 2 'Rambling, idle talk' would be the most accurate general meaning of the word.

2",YES,0.5913,0.010473
How was Gunther defeated?,Click and Irish tricked him and his pirate guards.,1,hard,1,YES,0.4696,0.004818,1,YES,0.4700,0.003315,1,YES,0.6230,0.016881,1,YES,0.4790,0.007044,"{""reasoning"": ""Let me trace through the evidence step by step to understand how Gunther was defeated:\n\n1. First, I need to understand the setup: Gunther runs a pirate base on an asteroid, using telepathic monster illusions to scare away unwanted visitors while targeting valuable cargo ships.\n\n2. Click (Hathaway) and Marnagan crash-land on the asteroid and discover that the monsters are telepathic illusions that don't show up on film.\n\n3. The key confrontation occurs when Hathaway confronts Gunther in his office, bluffing about a massive Patrol invasion. Hathaway claims: 'The Patrol is in the city now and we're capturing your Base. Don't try to fight. We've a thousand men against your eighty-five.'\n\n4. Gunther is initially skeptical, saying 'You are bluffing' and noting that only two people were on the crashed ship.\n\n5. However, the crucial moment comes when Hathaway uses Gunther's own telepathic monster-projection technology against him. The text states: 'Hathaway uses the telepathic monster-projecting machine to create an illusion of five hundred Patrol officers marching across the asteroid base's plaza.'\n\n6. Gunther believes this illusion is real: 'The Patrol was coming! Across the Plaza, marching quietly and decisively, came the Patrol. Five hundred Patrolmen in one long, incredible line.'\n\n7. Gunther panics and orders his men to fight, but 'The pirates broke and fled, those that were left. A mere handful.'\n\n8. Finally, 'Gunther raged, and swept a small pistol from his linked corselet. He fired wildly until Hathaway hit him over the head with a paper-weight.'\n\nSo Gunther was defeated through Hathaway's elaborate deception - using Gunther's own technology to create fake Patrol officers, which caused Gunther's men to flee and allowed Hathaway to physically subdue Gunther. This matches option 1: 'Click and Irish tr",YES,0.4790,0.014484
How does Rikud change through the story?,"He questions his world, his lack of autonomy, and what it really means to live. ",1,hard,1,YES,0.3735,0.004911,1,YES,0.3598,0.004131,1,YES,0.3399,0.013842,1,YES,0.3441,0.007278,"Let me trace Rikud's transformation through the story step by step:

1. Initial state: Rikud begins as someone living in a highly controlled, structured world where buzzers regulate eating, sleeping, and daily activities. He's expected to follow a predetermined path (exercising, preparing to become a father in 5 years).

2. Growing awareness: Rikud starts noticing changes in the viewport - stars disappearing, a bright globe appearing, eventually revealing a planet. He becomes fascinated by concepts like 'change' and 'variability' that he struggles to understand.

3. Questioning reality: While others like Chuls deny any changes are happening, Rikud insists the viewport has changed and argues about it. He begins connecting concepts like aging and change that trouble him.

4. Breaking free from control: Rikud destroys the ship's machinery and silences the buzzer system that controls everyone's lives. This is a direct rejection of the automated control over his existence.

5. Facing consequences: When the controlled world breaks down (no food, water, people turning hostile), Rikud must choose between the terrifying unknown outside (the garden/planet) and staying in his familiar but now hostile world.

6. Final realization: Despite his fear of the vast garden outside that would 'swallow him up completely,' he recognizes he must go outside to survive, showing he's willing to face the unknown rather than accept death in his controlled world.

This progression shows Rikud questioning the fundamental nature of his controlled existence, rejecting the lack of autonomy (destroying the buzzer system), and ultimately choosing the unknown over a predetermined but lifeless existence. This aligns most closely with option 1.

1",YES,0.3441,0.013248
What seems to be true about the world Rikud lives in?,"It's run by machines, and no longer run by people. There is no room for decisions.  ",1,hard,4,NO,0.3902,0.004749,4,NO,0.3906,0.004380,1,YES,0.4547,0.014745,1,YES,0.4492,0.007059,"Let me analyze the evidence step by step:

1. The world is clearly controlled by machines: There's a buzzer system that regulates when people eat, drink, and perform activities. When Rikud breaks this machinery, people don't know what to do - they wait for the buzzer to tell them when to drink and eat.

2. People have lost autonomy: The text shows that people are completely dependent on the buzzer system. Wilm says 'we will drink when the buzzer tells us,' showing they can't make basic decisions independently.

3. There's evidence of past human control: The text mentions a historical rebellion where 'people overthrew the elders who controlled their world' and that 'the people had won.' This indicates there was a time when people, not machines, were in control.

4. Change is not completely erased as a concept: Rikud struggles with the concept of change and variability. He notices the stars moving and the viewport showing different things. Crifer even suggests the viewport might be 'variable,' and there's mention of a book on astronomy, showing some knowledge of change exists.

5. No clear evidence of gender segregation: While Chuls mentions Rikud will 'sire children' in five years, there's no indication that men and women are segregated or can't live together.

6. The people do remember decision-making: The historical account of the rebellion against elders shows they have memory/records of when people could make decisions, but now they're completely dependent on machine control.

Option 4 best fits: the world is run by machines rather than people, and they retain memory of when people could make decisions (through the historical records of the rebellion) but no longer have that capability.

4",NO,0.4492,0.013089
What does the viewport allow Rikud to realize?,There is more to the world outside of the ship they are on.  ,1,hard,1,YES,0.3072,0.004761,1,YES,0.3117,0.003819,1,YES,0.4216,0.012630,1,YES,0.2872,0.007206,"Let me analyze what the viewport allows Rikud to realize by examining the key moments in the text:

1. Initially, Rikud observes stars through the viewport and notices they are changing - some disappearing, others moving, and a large spherical object (planet) appearing.

2. The crucial realization comes when he struggles with the concept that what he sees 'perhaps did not exist in the viewport. Maybe it existed through the viewport.' This is described as a 'crucial moment of realization' where he perceives the ship is approaching a destination.

3. After the ship lands, he sees an alien garden through the viewport - plants he's never seen before, despite knowing every plant in the ship's internal garden well.

4. He discovers hidden doors leading to ship machinery and another viewport showing the external garden, confirming his understanding.

5. The text explicitly states this marks 'his growing understanding that the world is a ship' and that it has 'completed its thousand-year journey and arrived at a new planet.'

6. He realizes 'the world had come to rest on the garden of the viewport' and sees 'a garden larger than the entire world.'

The viewport fundamentally allows Rikud to understand that there is an external reality beyond their enclosed world - that they are on a ship that has been traveling through space and has now arrived at a destination planet. This is the core realization that separates him from the other inhabitants who remain oblivious to this truth.

1",YES,0.2872,0.012366
What struggle does the door in the library represent?,The struggle for Rikud and all the others to conceptualize what they don't know or haven't seen before. ,2,hard,2,YES,0.4135,0.004845,2,YES,0.4249,0.004011,2,YES,0.5355,0.016242,2,YES,0.4249,0.007017,"Let me analyze what the door represents by examining the key evidence from the context:

1. When Rikud asks what's beyond the door, Crifer responds with confusion and skepticism: 'How can anyone go where no one has been before? There's nothing. It just isn't. It's only a door, Rikud.'

2. The context explicitly states that this marks 'a turning point where Rikud begins challenging the passive acceptance of their confined world and seeks to explore beyond established boundaries.'

3. Crifer's reaction demonstrates the inhabitants' inability to conceive of unexplored spaces: 'I don't think anyone ever opened it. It's only a door.' He cannot imagine that something could exist beyond what they already know.

4. The struggle is fundamentally about conceptualization - Rikud is trying to imagine and explore the unknown, while others like Crifer cannot even conceive that unexplored areas could contain anything real.

5. When Rikud actually opens the door and discovers rooms with machinery, it proves that there was indeed something beyond their known world, validating his belief that the unknown can contain real, tangible things.

6. The door represents the boundary between the known and unknown, and the central conflict is whether the inhabitants can mentally grasp the possibility of what lies beyond their experience.

This is clearly about the cognitive struggle to conceptualize the unknown, not about man vs. machine, fear, or authority conflicts.

2",YES,0.4249,0.012147
What happens when Rikud grows violent when the others don't believe him.,"They all start to do it, because they've never seen violence before and don't understand it. ",2,hard,3,NO,0.4283,0.004920,4,NO,0.4475,0.003903,2,YES,0.6133,0.015978,2,YES,0.3662,0.007422,"Let me trace through what happens when Rikud becomes violent/physical with the others. From the context, I can see that when Rikud tries to convince Chuls about the hidden doors and Chuls refuses to believe him, Rikud becomes frustrated and 'grabbed Chuls' blouse with his big fist.' The text then shows what happens next: 'Crifer hopped up and down. ""Look what Rikud's doing! I don't know what he's doing, but look. He's holding Chuls' blouse.""' This indicates confusion about what Rikud is doing. The text mentions 'This escalates into a chaotic scene where other inhabitants mimically grab each other's clothes' - showing that they start imitating this behavior they've never seen before. The key phrase is that this creates 'a chain reaction where other crew members' copy the grabbing behavior. This suggests they don't understand what violence/physical aggression is, so they simply imitate it without understanding, which aligns with option 2 - they all start to do it because they've never seen violence before and don't understand it.

2",YES,0.3662,0.011337
The first time Rikud feels pain or discomfort is when,"the light he peered into was too bright, and his eyes hurt as a result.",1,hard,4,NO,0.4814,0.004779,4,NO,0.4656,0.003942,1,YES,0.5893,0.016854,1,YES,0.3665,0.007317,"Looking through the context chronologically, I need to identify the first instance where Rikud experiences pain or discomfort. In the early passages, Rikud experiences frustration and confusion about his controlled life, but these are emotional states rather than physical pain. The key passage comes when Rikud returns to the viewport after bathing and observes the dramatic changes in the view: 'where Rikud had seen the one bright central star, he now saw a globe of light, white with a tinge of blue in it, and so bright that it hurt his eyes to look. Yes, hurt! Rikud looked and looked until his eyes teared and he had to turn away. Here was an unknown factor which the perfect world failed to control.' The text explicitly emphasizes 'Yes, hurt!' indicating this is the first time Rikud has experienced physical pain. The narrative specifically notes this as 'an unknown factor which the perfect world failed to control,' suggesting pain itself is a new experience for him in this controlled environment.

1",YES,0.3665,0.010752
What caused the ship to leave its planet initially?,The reason is never disclosed.,2,hard,2,YES,0.4959,0.004491,2,YES,0.3931,0.003699,2,YES,0.4986,0.024228,2,YES,0.5918,0.007074,"Looking through the provided context, I need to find information about why a ship initially left its planet. The context contains several different space travel scenarios, but most focus on events that happen during or after journeys rather than the initial reasons for departure. Let me examine each passage:

1. Bob Parker's hauler ship - This appears to be commercial asteroid hauling, not an initial departure from a planet
2. Thig's story - This mentions an exploration ship returning to planet Ortha, suggesting it was on an exploration mission, but doesn't explain the original reason for leaving
3. The yo-yo weapon attack - This is about a conflict in space, not initial departure
4. Rikud's spacecraft - This shows a ship arriving at a destination planet, with inhabitants who seem to have been traveling for a long time in a confined world-ship, but the original reason for leaving their home planet is not explained
5. The Whale starship - This discusses navigation errors and crashes during a return journey from Alpha Centauri to Earth, but doesn't explain why they originally left Earth
6. Various other passages about space conflicts and technical problems

None of the passages explicitly state why any ship originally left its home planet. While there are references to exploration missions and some ships arriving at destinations, the fundamental reason that motivated the initial departure from the home planet is never disclosed in any of the provided context.

2",YES,0.5918,0.011754
What is not a theme explored in this story?,Equality must be realized.,4,hard,4,YES,1.0000,0.004341,4,YES,0.6058,0.003324,4,YES,0.6062,0.022137,4,YES,1.0000,0.007185,"Looking at the context provided, I can identify several stories but need to focus on the main narrative thread that appears most prominently. The dominant story seems to be about Sara and her father's strained relationship, particularly around their political differences highlighted during a Super Bowl visit. Let me analyze each theme option against the evidence:

1. Change is necessary and inevitable for survival: This theme appears in the generation ship story ('The Sense of Wonder') where Rikud notices changes in the ship and questions their destination. It's also present in Sara's story as she grapples with whether her relationship with her father can change.

2. Fear is a powerful motivator: This is evident in Lewis Terry's writer's block story where fear of the actual West prevents him from writing Western fiction. It's also present in Sara's reluctance to visit home and her fear of confronting family conflicts.

3. Perception can often be all-encompassing: This theme runs through multiple narratives - Rikud's changing perception of the ship, Sara's evolving view of her father from 'lovable bear-man' to 'huge obelisk of injustice,' and the different ways characters interpret the same events.

4. Equality must be realized: While the Chevrolet ad touches on immigration and American values, and there are brief mentions of inclusivity, this theme is not deeply explored or developed as a central concern in any of the story fragments. The focus is much more on personal relationships, perception, change, and fear rather than systematic equality issues.

4",YES,0.5049,0.012330
"As the story reaches its climax, the antagonist is","Crifer, the only person Rikud ever thought of as a companion.",4,hard,"I cannot determine the correct answer from the provided context. The text fragments do not contain any mention of the characters Wilm, Chuls, Crifer, or Rikud that are referenced in the multiple choice options. The context appears to be excerpts from multiple different stories or texts, none of which seem to relate to the specific story being asked about in the question.

Since I must provide only a number as requested, I'll respond: 1",NO,0.6578,0.005847,"Looking at this context, I cannot identify any clear narrative with the characters mentioned in the options (Wilm, Chuls, Crifer, or Rikud). The text appears to be a collection of different excerpts from various sources - some academic discussion about economics, some literary passages, and some dialogue - but none contain a coherent story with these specific character names.

Since I cannot determine the correct answer from the provided context, I'll select:

1",NO,0.6162,0.005049,"Looking at this context, I can see multiple narrative fragments from different stories, but none of them contain characters named Wilm, Chuls, Crifer, or Rikud that are mentioned in the answer options. The text appears to be a collection of excerpts from various science fiction stories and other literary works, but doesn't contain a coherent single story with the characters referenced in the question.

Since the question asks about ""the antagonist"" as ""the story reaches",NO,0.6511,0.029145,3,NO,0.5784,0.007482,"Looking at the context provided, I need to identify what story is being referenced in the climax and who the antagonist is. The context contains multiple different stories and excerpts, but the question asks specifically about 'the story' reaching its climax and identifying the antagonist. However, none of the provided context mentions any characters named Wilm, Chuls, Crifer, or Rikud that are listed in the options. The main climactic scene described in detail is about Corporal Read making a final assault on a Belderkan tank, but this doesn't involve any of the named characters in the options. The other story excerpts involve characters like Brian Hanson, Crystal James, Roger Tennant, Peter Karson, and Joe Prantera, but again none match the options given. Without any mention of Wilm, Chuls, Crifer, or Rikud in the provided context, I cannot definitively determine which character serves as the antagonist at the story's climax based on the given information.

3",NO,0.5784,0.010947
The characters experience many emotions for the first time during the events of this story.  What emotion(s) push the characters through the door.,Hatred and anger.,2,hard,3,NO,0.5611,0.004632,3,NO,0.5129,0.003777,3,NO,0.5571,0.022206,3,NO,0.5602,0.007197,"Looking at the characters who actually go through doors or are motivated to open them in the text:

1. Rikud discovers doors in the library and is motivated to open them despite fear and others' skepticism. The text shows he's driven by curiosity about what's beyond: 'I know, but what's beyond it?' and his determination to 'Open the door and look inside.' His motivation is clearly curiosity about the unknown.

2. Rikud also finds a door to the outside garden. Though he hesitates due to fear ('He'd die of the strangeness'), he's initially motivated by curiosity to 'turn the handle' and see what's outside.

3. Peggy is mentally preparing for her move to New York and upcoming auditions - she's excited about new opportunities and curious about which roles to prepare.

4. The other characters (William, Matilda, Robert, Sara) are not primarily motivated by first-time emotions to go through doors - they're dealing with ongoing situations or compulsions.

The dominant emotions pushing characters through doors are curiosity (Rikud's desire to explore the unknown spaces) and excitement (Peggy's anticipation about her acting career). There's no evidence of sadness, hatred/anger, or pure happiness being the primary motivating emotions for door-crossing actions.

3",NO,0.5602,0.011982
"What positive critique does the film reviewer offer for ""Elizabeth""? juicy melodrama",It relies on juxtaposition-based cinematography that makes for a compelling theatrical performance,1,hard,1,YES,0.3480,0.004644,1,YES,0.2914,0.003345,1,YES,0.3276,0.023994,1,YES,0.2935,0.007011,"Looking through the context for positive critiques of the film 'Elizabeth,' I need to identify what the reviewer says favorably about the movie. The key phrase in the question is 'juicy melodrama,' which appears in the text: 'That said, the movie's approach makes for juicy melodrama.' This suggests the reviewer sees this as a positive aspect. The reviewer then explains that the film's tone comes closer to 'nihilistic relish of Jacobeans such as John Ford and John Webster' and is 'even closer to a Jacobean drama of our own age: The Godfather (1972), which it emulates by cutting back-and-forth between queen and courtiers in prayer and the roundup and slaughter of Catholics.' This describes a specific cinematographic technique of juxtaposition (cutting back-and-forth between scenes) that creates compelling drama. The reviewer also praises Blanchett's performance, saying she 'comes in a close second' and 'pulling off the transition from hapless young woman to coolly ruthless monarch with uncommon subtlety.' The reviewer describes the visual transformation scene positively. Option 1 matches this analysis - the reviewer appreciates the juxtaposition-based cinematography (like The Godfather's cutting technique) that creates compelling theatrical performance.

1",YES,0.2935,0.011361
Which subjects does Haynes focus on frequently in his films?,"Dissatisfied, suffering women",4,hard,4,YES,0.6431,0.004212,4,YES,0.4674,0.003369,4,YES,0.5833,0.015291,4,YES,0.6488,0.006957,"Looking through the context for information about Todd Haynes' films and their subjects: 1) 'Superstar: The Karen Carpenter Story' focuses on singer Karen Carpenter's struggle with anorexia and the cultural forces that damaged her - a suffering woman. 2) 'Safe' (1995) tells the story of a Reagan-era housewife (Julianne Moore) who believes her environment is poisoning her, described as 'an entrancing meditation on the power of culture to crush the individual' - another suffering woman. 3) 'Velvet Goldmine' focuses on glam rock musicians like the Brian Slade character (based on David Bowie) and Curt Wild (based on Iggy Pop) - male celebrities. The context shows Haynes explores both suffering women (Karen Carpenter, the housewife in Safe) and male celebrities (the rock stars in Velvet Goldmine). However, the emphasis on cultural forces crushing individuals, particularly women, and the detailed discussion of how these female characters are damaged by their environments suggests that dissatisfied, suffering women is a more central and recurring theme in his work.

4",YES,0.6488,0.010857
"What critique does the film reviewer give to the actor who plays the rock star protagonist of ""Velvet Goldmine""?",His dialogue feels too scripted and unnatural,4,hard,4,YES,0.3468,0.004401,4,YES,0.3617,0.003573,4,YES,0.4768,0.021051,4,YES,0.2857,0.007293,"Looking through the context for critiques of the actor playing the rock star protagonist Brian Slade, I find the relevant passage in one of the chunks: 'An actor of stature might have bridged these two impulses, but the beautiful, brazenly slim-hipped Rhys-Meyers doesn't make his lines sound as if he's thinking them up on the spot.' This is a direct critique of Jonathan Rhys-Meyers' performance as Brian Slade. The reviewer is saying that Rhys-Meyers fails to deliver his dialogue in a natural, spontaneous way - instead, his lines sound scripted and rehearsed rather than organic. The reviewer contrasts this with what 'an actor of stature' might have accomplished, suggesting that a more skilled actor could have made the dialogue feel more natural and believable. This critique directly corresponds to option 4, which states that his dialogue feels too scripted and unnatural.

4",YES,0.2857,0.010458
"What critique does film reviewer offer of Haynes? wishes he would let the picture catch its breath, that the performers would stop coming at me in stroboscopic flashes",His pacing is too frenetic and hasty,1,hard,1,YES,0.5599,0.004428,1,YES,0.3394,0.004056,1,YES,0.5695,0.016989,1,YES,0.4952,0.007056,"Looking at the context provided, I need to find the specific critique the reviewer offers of Haynes' filmmaking. In the first chunk, the reviewer states: 'I sometimes found myself wishing he would let the picture catch its breath, that the performers would stop coming at me in stroboscopic flashes.' This directly matches the quote in the question. The reviewer is criticizing the rapid, overwhelming visual pace of the film - describing it as 'stroboscopic flashes' and wishing the picture would 'catch its breath.' This indicates the pacing is too fast and frantic. The reviewer also mentions that Haynes 'has made a movie that's all signifiers' and that it's 'densely packed with symbolism and rapid visual sequences that can feel overwhelming.' All of this points to a critique about overly frenetic and hasty pacing, not issues with costume design, factual accuracy, or sound effects.

1",YES,0.4952,0.010191
"How does the author feel about the film, Elizabeth?",it is overall enjoyable to watch,3,hard,3,YES,0.3659,0.004500,1,NO,0.4985,0.003630,3,YES,0.3811,0.019947,3,YES,0.3593,0.006885,"Looking at the evidence step by step: 1) The author describes the movie's approach as making for 'juicy melodrama,' which suggests entertainment value. 2) The author praises Cate Blanchett's performance, saying she 'pulls off the transition from hapless young woman to coolly ruthless monarch with uncommon subtlety' and 'gives this carnival of carnage an awe-inspiring center.' 3) The author compares the film favorably to classic works like The Godfather in terms of style and technique. 4) While the author questions whether the feminist interpretation is historically accurate, they acknowledge it 'probably' is accurate. 5) The author discusses the plot coherently without suggesting confusion. 6) The tone throughout is appreciative of both the acting and the storytelling approach. The author seems to find the film engaging and well-executed, praising both the performance and the dramatic approach, which indicates overall enjoyment.

3",YES,0.3593,0.010005
Which isn't an apparent theme in Velvet Goldmine?,power can be deadly,3,hard,3,YES,0.3472,0.004320,3,YES,0.3787,0.003447,3,YES,0.5298,0.027951,3,YES,0.4338,0.007239,"Let me analyze each theme option against the evidence from the context:

1. 'Music is a powerful force' - This is clearly a major theme. The text explicitly states that 'Haynes sets out to demonstrate the power of popular music to change people's lives--to tell them it's OK to fashion themselves into anything they please.' It also describes how rock music has transformative allure and shows Arthur Stuart's intense emotional connection to Brian Slade's album.

2. 'Some people will give themselves up for money and fame' - This is also present as a theme. The context describes how Haynes wants to 'portray the rocker as a hollow opportunist who abandoned glam and bisexuality for the life of a corporate superstar, throwing in his lot with the forces of repression.'

3. 'Power can be deadly' - While the film has political elements (mentioning 'a vaguely fascist president' and 'repressively conformist state'), there's no evidence in the provided context that explores themes about power being deadly. The political backdrop seems more about conformity and repression rather than deadly power.

4. 'Be whoever you want to be' - This is clearly a central theme. The text mentions the film celebrates 'the embrace of artifice and the smashing of conventional sexual roles' and that music tells people 'it's OK to fashion themselves into anything they please.' The glam rock movement itself was about transformation and self-expression.

Based on this analysis, option 3 ('power can be deadly') is not supported by the evidence as an apparent theme in the film.

3",YES,0.4338,0.012774
What do Elizabeth and Velvet Goldmine seem to have in common?,the main character transforms throughout the film,3,hard,3,YES,0.5385,0.004254,3,YES,0.4887,0.003246,3,YES,0.4864,0.017865,3,YES,0.4646,0.007041,"Let me analyze what Elizabeth and Velvet Goldmine have in common based on the context provided.

Option 1 - Story line based on real events: Elizabeth is clearly based on the historical Queen Elizabeth I, but Velvet Goldmine features a fictional character (Brian Slade) who is merely inspired by David Bowie. So this isn't a strong commonality.

Option 2 - Powerful, convincing main characters: The text suggests mixed reception for both films' characters. For Elizabeth, Blanchett is praised but the reviewer prefers Miranda Richardson's comedic version. For Velvet Goldmine, there's mention that 'an actor of stature might have bridged' the conflicting aspects of Brian Slade's character, suggesting the performance wasn't entirely convincing.

Option 3 - Main character transforms throughout the film: This is strongly supported by the text. For Elizabeth, there's explicit description of her 'transition from hapless young woman to coolly ruthless monarch' and the iconic scene where 'Elizabeth directs her hair to be shorn--images of her girlhood flashing by as her locks rain down--and then walks weightily to her throne, now a chalk-faced gorgon.' For Velvet Goldmine, Brian Slade is described as transforming from someone who 'embodied the embrace of artifice and the smashing of conventional sexual roles' to 'a hollow opportunist who abandoned glam and bisexuality for the life of a corporate superstar.'

Option 4 - Main character is disliked in the end: While both characters become more ruthless/commercial, the text doesn't clearly indicate they are disliked by audiences.

The strongest commonality is the transformation theme present in both films.

3",YES,0.4646,0.013086
Who does the author seem to appreciate the most in Meet Joe Black?,Claire Forlani,4,hard,4,YES,0.4805,0.004551,4,YES,0.5888,0.003816,"I cannot answer this question based on the provided context. The context contains excerpts from what appears to be a science fiction story about time travel and assassination, along with some memoir excerpts about The New Yorker magazine and William Shawn. There is no mention of the movie ""Meet Joe Black"" or any of the listed individuals (Martin Brest, Bo Goldman, Brad Pitt, or Claire Forlani) in the given text.",NO,0.6418,0.025980,4,YES,0.4862,0.006513,"Let me analyze what the reviewer says about each person mentioned in the options:

1. Martin Brest (director): The reviewer criticizes his approach of 'shooting a ton of footage and then finding his films in the editing room' and questions what he 'found' when scrutinizing footage of Pitt 'doing nothing and taking his sweet time doing it.' This is clearly negative.

2. Bo Goldman (screenwriter): While called 'the great Bo Goldman' and his previous works are mentioned positively, the reviewer criticizes the 'moldy script' that he and three other screenwriters worked on, including dialogue problems. This is mixed but ultimately critical.

3. Brad Pitt: The reviewer is extremely harsh, asking 'Is Brad Pitt the worst actor on earth?' and describing his performance as 'emotionless and monotonous,' 'wooden,' 'lifeless,' and comparing him to 'a black pit of death.' This is overwhelmingly negative.

4. Claire Forlani: The reviewer describes her as having 'exquisite shoulders' and notes that 'Her tremulous thoroughbred act wears thin, but it's hardly her fault' because she has to act opposite Pitt's poor performance. The reviewer shows sympathy for her difficult situation and acknowledges her physical beauty, making this the most positive assessment among the options.

4",YES,0.4862,0.011223
"Who is the best actor mentioned, according to the author?",Cate Blanchett,3,hard,1,NO,0.6103,0.004266,"Looking through the context, I need to find mentions of actors and any positive assessments.

The actors mentioned are:
- Rhys-Meyers (described negatively - ""doesn't make his lines sound as if he's thinking them up on the spot"")
- Ewan McGregor (mentioned neutrally as ""the film's fuzzy, sweet Iggy Pop figure"")
- Brad Pitt (described very negatively - ""Is Brad P",NO,0.5307,0.004512,1,NO,0.6444,0.023295,1,NO,0.5933,0.006585,"Looking through the context for mentions of actors and the author's opinions about their performances:

1. Brad Pitt is heavily criticized as potentially 'the worst actor on earth' with a 'wooden performance' and 'blank acting style'

2. Anthony Hopkins is praised multiple times: 'Hopkins gives this humanistic magnate considerable weight' and 'Hopkins brings some weight to his humanistic character'

3. Jonathan Rhys-Meyers is criticized: 'doesn't make his lines sound as if he's thinking them up on the spot'

4. Jeffrey Tambor and Marcia Gay Harden are mentioned as working 'with equal fortitude'

Of the options provided, only Anthony Hopkins and Jonathan Rhys-Meyers are mentioned in the text. Miranda Richardson and Cate Blanchett are not mentioned at all. Between Hopkins and Rhys-Meyers, Hopkins receives clear praise while Rhys-Meyers receives criticism. Therefore, Anthony Hopkins is presented as the best actor according to the author.

1",NO,0.5933,0.010260
What does the author seem to value the most in films?,the quality of acting,4,hard,4,YES,0.5887,0.004320,4,YES,0.5776,0.002943,1,NO,0.5651,0.021030,4,YES,0.5705,0.006573,"Looking at the film reviews in the context, I can analyze what the author values by examining their criticisms and praise:

1. On Brad Pitt's acting in 'Meet Joe Black': The author harshly criticizes Pitt as potentially 'the worst actor on earth,' describing his performance as 'emotionless and monotonous' and saying he 'acts as if he has leased the screen by the year.' This shows the author places high importance on acting quality.

2. On Anthony Hopkins: The author notes that Hopkins 'brings some weight to his humanistic character,' showing appreciation for good acting even in a film they otherwise dislike.

3. On 'Velvet Goldmine': While the author acknowledges flaws in the film's overwhelming visual style, they ultimately praise it for its 'sinuous motion of filmmaking' and 'liberating force of language.' However, they don't focus primarily on acting here.

4. On film length: The author specifically criticizes 'Meet Joe Black' for running 'for three hours (longer than either Beloved or Saving Private Ryan),' suggesting they view excessive length negatively, not as a value.

5. On story clarity: The author doesn't emphasize clear storylines as a primary concern.

6. On themes: While themes are mentioned, they're not the primary focus of praise or criticism.

The strongest pattern shows the author placing significant emphasis on acting quality - harshly criticizing poor performances and praising good ones. This appears to be their primary evaluative criterion.

4",YES,0.5705,0.012072
Which is probably the author's favorite movie?,Velvet Goldmine,1,hard,1,YES,0.6270,0.004299,3,NO,0.6352,0.003195,1,YES,0.5966,0.025230,1,YES,0.6335,0.006747,"Looking at the evidence step by step:

1. Meet Joe Black: The review is highly critical, mocking the dialogue, criticizing the screenplay quality, and calling it a 'moldy script' worked on by 'overpaid scribes.' This is clearly negative.

2. Elizabeth: The review has mixed elements - it calls the movie 'juicy melodrama' and compares it favorably to The Godfather, but also describes it as 'lurid paraphrase' and seems to critique its historical accuracy by noting the real Elizabeth likely had 'few girlish illusions.'

3. Velvet Goldmine: Despite acknowledging some flaws ('all signifiers,' wishing it would 'catch its breath'), the reviewer ultimately expresses strong appreciation. Key positive phrases include: 'swept up in the sinuous motion of his filmmaking,' 'elation of watching,' 'liberating force of his language and soundtrack.' The reviewer also praises director Todd Haynes as a 'great artist' who 'invents his own syntax' and shows deep appreciation for his earlier work with Karen Carpenter.

4. Shooting to Kill: This movie is not mentioned anywhere in the provided context.

The most enthusiastic and appreciative language is clearly reserved for Velvet Goldmine, where the reviewer overcomes initial reservations to express genuine admiration for the filmmaking craft and artistic vision.

1",YES,0.6335,0.011607
Who is getting William in trouble with his parents?,William,3,hard,3,YES,0.5698,0.004359,3,YES,0.5779,0.003648,3,YES,0.5534,0.020817,3,YES,0.4666,0.007308,"Let me analyze the evidence step by step to determine who is getting William in trouble with his parents:

1. William explicitly states he didn't write the insulting notes to his mother: 'The trouble came from the notes written in my awkward hand that she found, calling her names I didn't understand. Sometimes there were drawings. I didn't write those notes or make those drawings.'

2. William consistently claims he's being framed for things he didn't do: 'I was blamed for things he didn't do—including soiling his bed, writing insulting notes and drawings to his mother, and stealing at reform school.'

3. William believes 'something external is controlling his actions and framing him' - this suggests an outside force, not William himself.

4. At reform school, William says: 'I was always being framed for stealing. I didn't take any of those things they located in my bunk. Stealing wasn't in my line.'

5. William tells Brother Partridge: 'If you believe any of this at all, you'll see why it couldn't be me who did the stealing' - referring to his affliction where things happen to him that he doesn't control.

6. There's no mention of William's twin in the text, and Brother Partridge only appears later when William is already an adult.

7. William's parents are the ones punishing him, not causing the trouble themselves.

The evidence consistently shows that William claims he's not responsible for the actions that get him in trouble, but rather that some external force is framing him. However, from an objective standpoint, William himself is the one physically performing these actions (the notes are in his handwriting), even if he doesn't remember or control doing them.

3",YES,0.4666,0.013353
How does the narrator respond to Brother Partridge's gift offering on Thanksgiving?,He believes the homeless people are ridiculous for charging so desperately after the offering,4,hard,4,YES,0.4527,0.004758,2,NO,0.4832,0.004020,4,YES,0.4572,0.019218,4,YES,0.2483,0.007314,"Looking at the narrator William Hagle's response to Brother Partridge's Thanksgiving offering, I need to examine his internal thoughts when the preacher announces the free meal. When Partridge announces that the homeless men will receive turkey soup, rolls, and coffee, the narrator's immediate reaction is: 'I had to laugh at all those bums clattering the chairs in front of me, scampering after water soup and stale bread.' He describes them as 'scampering' desperately after what he dismissively calls 'water soup and stale bread,' showing his contempt for how eagerly and desperately they rush toward the food offering. He finds their behavior laughable and ridiculous. There's no indication he thinks Partridge wants something in return (option 2), believes it's poisoned (option 3), or thinks it's a trick (option 1) - rather, his disdain is directed at the homeless men's desperate behavior in response to the charitable offering.

4",YES,0.2483,0.010614
What does the theme of the story reveal about how society treats the mentally ill?,There is insufficient social infrastructure to identify and care for those living with severe mental illnesses,1,hard,1,YES,0.6068,0.004632,1,YES,0.5539,0.003633,1,YES,0.5086,0.028098,3,NO,1.0000,0.007251,"Looking at the context chunks, I need to identify which story or theme relates to mental illness treatment. The most relevant chunks are about William Hagle's childhood experiences and the futuristic society discussion between Joe Prantera and Reston-Farrell. William Hagle's story shows a child experiencing hallucinations and trauma, being punished for things he claims he didn't do, nearly being sent to 'the home for retarded children,' and eventually being placed in reform school. His experiences show a pattern of institutional punishment rather than treatment - he's locked in dark rooms, sent away from home, and placed in reform school where he continues to be blamed for things. The futuristic society chunk contrasts this by describing a world where criminals receive psychiatric treatment rather than punishment. However, the question asks what the theme reveals about how society treats the mentally ill, and the William Hagle narrative shows a clear pattern of punitive institutional responses (dark room punishments, threats of institutionalization, reform school) rather than therapeutic care. This demonstrates that social institutions like family, schools, and reform facilities are more likely to punish and abuse rather than properly treat those with mental illness.

3",NO,0.4515,0.011076
What didn't William get accused of as a young boy?,stealing from his parents,4,hard,2,NO,0.5635,0.004455,1,NO,0.6073,0.003591,2,NO,0.5958,0.021117,4,YES,0.4809,0.007614,"Let me examine what William Hagle was accused of as a young boy based on the context provided:

1. From the text: 'William Hagle describes his traumatic childhood where he was blamed for things he didn't do—including soiling his bed, writing insulting notes and drawings to his mother, and stealing at reform school.'

2. More specifically: 'The trouble came from the notes written in my awkward hand that she found, calling her names I didn't understand. Sometimes there were drawings. I didn't write those notes or make those drawings.'

3. The text mentions he was blamed for 'soiling his bed' (which is wetting the bed).

4. He was accused of 'calling his mother names' through the notes.

5. He was accused of 'stealing at reform school' (though this was later, not as a young boy).

Looking at the options:
- Option 2 (wetting the bed): He WAS accused of this ('soiling his bed')
- Option 3 (calling his mother names): He WAS accused of this (the insulting notes)
- Option 4 (stealing from his parents): The text mentions stealing at reform school, but doesn't specifically mention stealing from his parents as a young boy
- Option 1 (lying to his parents): This is not mentioned anywhere in the text as something he was accused of

The text doesn't mention him being accused of lying to his parents, while it clearly states the other accusations.

1",NO,0.4809,0.012969
What was the one thing William admitted to doing?,stealing from the church,2,hard,2,YES,0.5707,0.004404,"Looking through the context for what William admitted to doing, I can find this exchange:

""And you think I'm being punished for something I did in a previous life?""

He looked at me in disbelief. ""What else could it be?""

""I don't know,"" I confessed. ""I certainly haven't done anything that bad in this life.""

William admits that he doesn't know what he's being punished for and confesses he hasn't done anything",NO,0.6066,0.004821,"Looking through the context, I need to find what William admitted to doing.

In the text, William says: ""There was something I forgot to mention so far. During the year between when I got out of the reformatory and the one when I tried to steal Brother Partridge's money, I killed a man. It was all an accident, but killing somebody is reason enough to get punished.""

However, this isn't one of the options provided. Let me look more carefully",NO,0.5921,0.021927,2,YES,0.5510,0.007212,"I need to look through the context for what William Hagle explicitly admits to doing. Let me examine the key passages:

1. William attempts to steal from Brother Partridge's collection box at the mission, but this is caught in the act rather than something he admits to doing as a pattern.

2. In the passage about his childhood, William explicitly denies responsibility for bed-wetting, claiming 'somebody was soiling my bed for me. I absolutely was not doing it.'

3. In the freight dock incident, William kills Harold Thompkins with a pipe, but he frames this as something that happened to him rather than something he chose to do.

4. However, there's a key passage where William says 'I know how to take a beating. That's one thing I knew.' This is presented as the one thing he admits he actually knows how to do or is responsible for.

Throughout the narrative, William consistently denies responsibility for his actions and claims external forces are controlling him. The only thing he takes ownership of is his ability to endure beatings. Looking at the options provided, none of them directly match 'taking a beating,' but the question asks what he admitted to doing.

Looking more carefully, William does admit to attempting to steal from the collection box when caught by Brother Partridge - he doesn't deny this action when confronted. This would fall under option 2, stealing from the church (the mission).

2",YES,0.5510,0.012351
Did William kill the man?,yes - he used the pipe and killed the man,3,hard,4,NO,0.6000,0.004584,2,NO,0.5725,0.003480,3,YES,0.5576,0.018594,3,YES,0.5140,0.007470,"Looking through the context for evidence about whether William killed the man: 1) In the first passage, William explicitly states 'During the year between when I got out of the reformatory and the one when I tried to steal Brother Partridge's money, I killed a man.' 2) He clarifies 'It was all an accident, but killing somebody is reason enough to get punished.' 3) The context mentions he 'accidentally killed a man named Harold Thompkins during a labor dispute at his warehouse job.' 4) Later, William researches the victim in newspaper archives, finding the story about 'Harold R. Thompkins' death' and memorizing his address. 5) The context describes William as traveling to confront Harold Thompkins' home address 'after having killed Thompkins a year earlier.' William directly confesses to the killing, calls it an accident, and the narrative consistently refers to him as having killed Harold Thompkins. There's no mention of pipes, other men doing it, or spirits being involved in the actual killing.

2",NO,0.5140,0.010980
"Once William received the money from Partridge, what didn't he decide to do?",make a better future for himself,4,hard,1,NO,0.5349,0.004668,1,NO,0.5425,0.003378,1,NO,0.5498,0.018933,1,NO,0.4625,0.007560,"I need to look at what William says after receiving the twenty-dollar bill from Brother Partridge. The context shows that after Partridge gives him the money, William reflects on how 'Money you haven't earned doesn't seem real to you' and then reveals that he had killed a man named Harold Thompkins in an accident during a labor dispute. However, the context provided doesn't actually show William making any specific decisions about what to do with the money he received. The question asks what he 'didn't decide to do' but the text doesn't provide information about William making decisions regarding research, cleaning himself up, eating, or making a better future. Since the context cuts off and doesn't show William's actual decisions or plans after receiving the money, I need to infer from what's most likely given his character and situation. Given that he's focused on confessing about the accidental killing and his pattern of misfortune, and given that he's at a mission for homeless people, it would be most natural for him to think about basic needs like food and cleaning up, or making a better future through atonement. Researching the murder seems least likely since he already knows what happened - it was an accident he was directly involved in.

1",NO,0.4625,0.011580
Who didn't William say strange things to?,Partridge,4,hard,3,NO,0.5614,0.004545,3,NO,0.5771,0.003924,2,NO,0.5508,0.026235,2,NO,0.5387,0.007176,"I need to identify who William did NOT say strange things to by examining the text for instances where his voice independently said things he didn't consciously say. Let me go through each option:

1. A man at the restaurant - The text doesn't mention William interacting with anyone at a restaurant, so there's no evidence he said strange things to such a person.

2. His father - The text mentions his parents but doesn't describe any specific instances of William's voice independently saying strange things to his father.

3. The librarian - The text explicitly states that William's voice independently said something flirtatious to the librarian: 'I heard my voice say, ""A pleasure. What about after work?"" I didn't say it, but I was used to my voice independently saying things.'

4. Partridge - While the text shows William having conversations with Brother Partridge, there's no mention of his voice independently saying strange things he didn't consciously say to Partridge. Their conversations appear to be normal dialogue where William is consciously speaking.

The text establishes that William has a condition where his voice says things he doesn't consciously say. The clearest example is with the librarian. There's no evidence of this happening with a restaurant man, his father, or Partridge. Since option 1 (restaurant man) isn't even mentioned in the context, this seems to be the most likely answer.

1",NO,0.5387,0.011991
What should probably happen to William?,he should seek professional help,4,hard,4,YES,0.5957,0.004710,4,YES,0.6535,0.003396,4,YES,0.6297,0.018606,4,YES,0.4993,0.007272,"Let me analyze William's situation step by step:

1. William has a history of lifelong misfortunes and strange experiences that he can't explain
2. He was caught stealing from a charity collection box at Brother Partridge's mission
3. He confesses to accidentally killing a man named Harold Thompkins during a labor dispute at his warehouse job a year earlier
4. He has a pattern of being 'framed' or blamed for things, dating back to childhood (like the bedwetting incidents with his father)
5. Brother Partridge theorizes William is being punished for sins from a previous life through transmigration of souls
6. William is preparing to visit the home of the man he killed, suggesting he's trying to make amends

Looking at the options:
1. 'Find out who killed the man' - This doesn't make sense because William himself admits he killed Harold Thompkins, even if accidentally
2. 'Find a job with the labor union' - This seems irrelevant to his core problems and spiritual/psychological issues
3. 'Reconnect with his parents' - While his childhood trauma with his father is mentioned, this doesn't address his current crisis
4. 'Seek professional help' - Given William's pattern of inexplicable misfortunes, his guilt over killing someone, his criminal behavior (theft), and his apparent psychological distress, professional help (whether psychological, psychiatric, or counseling) would be the most appropriate response to address his underlying issues

William clearly has deep psychological issues stemming from childhood trauma, guilt over accidentally killing someone, and a pattern of self-destructive behavior. Professional help would be the most constructive path forward.

4",YES,0.4993,0.013122
